game_id,game_date,player_name,player_id,minutes,pts,fg,fga,fg_pct,fg3,fg3a,fg3_pct,ft,fta,ft_pct,oreb,dreb,reb,ast,stl,blk,tov,pf,plus_minus,usage_pct,ts_pct,ortg,drtg,game_score
0022500081,2025-10-22,Andrew Wiggins,203952,32,18,6,12,0.5,1,5,0.2,5,7,0.714,0,4,4,1,1,1,1,4,-21,0,0.597,0,0,12.2
0022500081,2025-10-22,Bam Adebayo,1628389,34,15,4,13,0.308,1,5,0.2,6,7,0.857,3,9,12,2,0,0,4,3,-2,0,0.466,0,0,8.1
0022500081,2025-10-22,Davion Mitchell,1630558,35,16,7,15,0.467,2,6,0.333,0,0,0.0,2,4,6,12,2,1,1,4,2,0,0.533,0,0,19.4
0022500081,2025-10-22,Dru Smith,1630696,13,2,1,4,0.25,0,1,0.0,0,0,0.0,0,1,1,5,1,0,1,2,-6,0,0.25,0,0,2.6
0022500081,2025-10-22,Jaime Jaquez Jr.,1631170,30,13,6,7,0.857,0,1,0.0,1,2,0.5,1,5,6,1,2,0,2,3,-1,0,0.825,0,0,11.8
0022500081,2025-10-22,Kel'el Ware,1642276,14,7,3,5,0.6,1,2,0.5,0,0,0.0,1,3,4,0,1,1,1,2,-2,0,0.7,0,0,6.2
0022500081,2025-10-22,Nikola Jović,1631107,23,9,2,6,0.333,2,3,0.667,3,4,0.75,0,3,3,0,1,0,3,2,8,0,0.58,0,0,3.3
0022500081,2025-10-22,Norman Powell,1626181,36,28,9,19,0.474,4,8,0.5,6,7,0.857,2,7,9,4,1,1,3,4,12,0,0.634,0,0,21.3
0022500081,2025-10-22,Pelle Larsson,1641796,4,0,0,1,0.0,0,1,0.0,0,0,0.0,0,0,0,0,0,0,0,2,-1,0,0.0,0,0,-1.5
0022500081,2025-10-22,Simone Fontecchio,1631323,19,13,6,9,0.667,1,3,0.333,0,0,0.0,1,1,2,1,0,0,1,2,-9,0,0.722,0,0,9.0
0022500094,2025-10-24,Andrew Wiggins,203952,24,10,4,8,0.5,0,1,0.0,2,5,0.4,4,3,7,3,1,1,2,3,0,0,0.49,0,0,9.1
0022500094,2025-10-24,Bam Adebayo,1628389,28,24,8,19,0.421,4,8,0.5,4,4,1.0,1,4,5,4,1,0,1,2,25,0,0.578,0,0,17.8
0022500094,2025-10-24,Davion Mitchell,1630558,21,2,1,2,0.5,0,1,0.0,0,0,0.0,0,1,1,6,0,0,3,2,6,0,0.5,0,0,1.7
0022500094,2025-10-24,Dru Smith,1630696,21,10,4,8,0.5,2,3,0.667,0,0,0.0,2,1,3,5,3,1,1,2,35,0,0.625,0,0,13.1
0022500094,2025-10-24,Jahmir Young,1642443,7,2,1,3,0.333,0,1,0.0,0,0,0.0,0,1,1,1,0,0,1,1,-9,0,0.333,0,0,-0.1
0022500094,2025-10-24,Jaime Jaquez Jr.,1631170,27,17,8,12,0.667,0,1,0.0,1,1,1.0,3,7,10,6,2,0,3,2,43,0,0.683,0,0,18.4
0022500094,2025-10-24,Kel'el Ware,1642276,23,19,8,12,0.667,1,1,1.0,2,3,0.667,5,4,9,1,1,1,2,3,15,0,0.713,0,0,17.3
0022500094,2025-10-24,Keshad Johnson,1642352,8,5,2,5,0.4,1,3,0.333,0,0,0.0,0,3,3,0,1,0,0,0,-10,0,0.5,0,0,4.2
0022500094,2025-10-24,Nikola Jović,1631107,27,20,6,9,0.667,3,6,0.5,5,5,1.0,1,5,6,4,1,1,1,2,33,0,0.893,0,0,21.0
0022500094,2025-10-24,Norman Powell,1626181,25,15,5,10,0.5,2,4,0.5,3,4,0.75,0,6,6,2,2,0,2,2,7,0,0.638,0,0,12.0
0022500094,2025-10-24,Pelle Larsson,1641796,8,8,3,5,0.6,2,3,0.667,0,0,0.0,1,1,2,0,1,0,2,2,-10,0,0.8,0,0,4.9
0022500094,2025-10-24,Simone Fontecchio,1631323,23,14,5,9,0.556,4,8,0.5,0,0,0.0,0,4,4,2,2,0,1,4,25,0,0.778,0,0,11.7
0022500108,2025-10-26,Andrew Wiggins,203952,31,9,4,9,0.444,1,4,0.25,0,0,0.0,1,4,5,2,0,1,3,1,-9,0,0.5,0,0,4.9
0022500108,2025-10-26,Bam Adebayo,1628389,38,19,5,15,0.333,1,5,0.2,8,8,1.0,1,12,13,3,1,0,6,1,10,0,0.513,0,0,11.5
0022500108,2025-10-26,Davion Mitchell,1630558,24,9,3,6,0.5,1,1,1.0,2,4,0.5,1,0,1,6,1,0,1,4,-12,0,0.58,0,0,8.5
0022500108,2025-10-26,Dru Smith,1630696,18,6,2,6,0.333,2,5,0.4,0,0,0.0,2,0,2,0,1,0,1,1,18,0,0.5,0,0,3.6
0022500108,2025-10-26,Jaime Jaquez Jr.,1631170,27,17,8,12,0.667,0,2,0.0,1,2,0.5,0,5,5,5,0,0,1,2,18,0,0.66,0,0,14.6
0022500108,2025-10-26,Kel'el Ware,1642276,22,5,2,4,0.5,1,2,0.5,0,0,0.0,2,6,8,0,1,0,1,1,-1,0,0.625,0,0,5.8
0022500108,2025-10-26,Nikola Jović,1631107,25,6,2,7,0.286,1,6,0.167,1,1,1.0,0,5,5,5,0,0,2,1,10,0,0.403,0,0,4.5
0022500108,2025-10-26,Norman Powell,1626181,32,29,7,15,0.467,3,6,0.5,12,12,1.0,1,6,7,3,3,0,1,3,-7,0,0.715,0,0,26.7
0022500108,2025-10-26,Pelle Larsson,1641796,5,1,0,1,0.0,0,1,0.0,1,2,0.5,0,0,0,0,0,0,0,0,2,0,0.266,0,0,-0.1
0022500108,2025-10-26,Simone Fontecchio,1631323,19,14,5,8,0.625,3,5,0.6,1,2,0.5,1,3,4,1,0,0,0,2,11,0,0.788,0,0,11.5
0022500124,2025-10-28,Andrew Wiggins,203952,30,21,8,15,0.533,3,6,0.5,2,2,1.0,1,1,2,2,3,1,2,1,13,0,0.661,0,0,17.4
0022500124,2025-10-28,Bam Adebayo,1628389,30,26,10,16,0.625,3,5,0.6,3,4,0.75,1,5,6,2,0,0,1,2,29,0,0.732,0,0,20.2
0022500124,2025-10-28,Davion Mitchell,1630558,30,8,4,10,0.4,0,5,0.0,0,0,0.0,0,4,4,9,0,0,1,2,13,0,0.4,0,0,8.3
0022500124,2025-10-28,Dru Smith,1630696,16,5,2,3,0.667,1,2,0.5,0,0,0.0,0,0,0,5,2,0,1,1,14,0,0.833,0,0,7.8
0022500124,2025-10-28,Jahmir Young,1642443,3,0,0,0,0.0,0,0,0.0,0,0,0.0,0,0,0,1,0,0,0,1,0,0,0.0,0,0,0.3
0022500124,2025-10-28,Jaime Jaquez Jr.,1631170,28,28,9,14,0.643,2,4,0.5,8,8,1.0,1,3,4,5,1,0,3,2,43,0,0.799,0,0,24.1
0022500124,2025-10-28,Kel'el Ware,1642276,27,14,4,13,0.308,2,8,0.25,4,5,0.8,3,6,9,1,0,0,2,1,-14,0,0.461,0,0,8.3
0022500124,2025-10-28,Keshad Johnson,1642352,3,2,1,2,0.5,0,0,0.0,0,0,0.0,0,0,0,0,0,0,0,0,0,0,0.5,0,0,1.0
0022500124,2025-10-28,Myron Gardner,1642066,3,3,1,1,1.0,1,1,1.0,0,0,0.0,0,1,1,1,0,0,0,2,0,0,1.5,0,0,2.9
0022500124,2025-10-28,Nikola Jović,1631107,22,10,4,7,0.571,2,4,0.5,0,0,0.0,1,5,6,2,0,0,0,2,9,0,0.714,0,0,9.5
0022500124,2025-10-28,Pelle Larsson,1641796,31,17,6,10,0.6,3,6,0.5,2,2,1.0,1,4,5,3,1,0,0,0,7,0,0.781,0,0,17.4
0022500124,2025-10-28,Simone Fontecchio,1631323,19,10,3,5,0.6,3,4,0.75,1,1,1.0,0,0,0,3,1,1,1,2,21,0,0.919,0,0,9.7
0022500141,2025-10-30,Andrew Wiggins,203952,35,24,11,18,0.611,2,5,0.4,0,2,0.0,3,3,6,2,2,0,2,2,0,0,0.636,0,0,18.6
0022500141,2025-10-30,Bam Adebayo,1628389,37,31,12,27,0.444,4,13,0.308,3,4,0.75,1,9,10,3,1,1,2,2,7,0,0.539,0,0,20.9
0022500141,2025-10-30,Davion Mitchell,1630558,28,11,4,10,0.4,3,4,0.75,0,0,0.0,0,1,1,4,1,0,3,3,-8,0,0.55,0,0,5.5
0022500141,2025-10-30,Dru Smith,1630696,20,6,3,4,0.75,0,1,0.0,0,0,0.0,0,2,2,5,1,0,2,4,4,0,0.75,0,0,5.9
0022500141,2025-10-30,Jaime Jaquez Jr.,1631170,34,6,2,8,0.25,0,0,0.0,2,2,1.0,0,8,8,6,0,0,1,1,-1,0,0.338,0,0,6.4
0022500141,2025-10-30,Kel'el Ware,1642276,21,0,0,4,0.0,0,4,0.0,0,0,0.0,0,7,7,3,1,1,1,1,-20,0,0.0,0,0,1.7
0022500141,2025-10-30,Nikola Jović,1631107,10,0,0,5,0.0,0,1,0.0,0,0,0.0,0,1,1,1,0,0,1,2,-13,0,0.0,0,0,-4.3
0022500141,2025-10-30,Pelle Larsson,1641796,26,5,2,5,0.4,1,3,0.333,0,0,0.0,0,3,3,3,0,0,1,2,-2,0,0.5,0,0,3.5
0022500141,2025-10-30,Simone Fontecchio,1631323,28,18,5,9,0.556,5,7,0.714,3,3,1.0,1,2,3,2,0,0,1,3,3,0,0.872,0,0,14.2
0022500155,2025-11-02,Andrew Wiggins,203952,37,15,6,16,0.375,1,6,0.167,2,3,0.667,3,6,9,1,1,1,4,3,-15,0,0.433,0,0,6.9
0022500155,2025-11-02,Bam Adebayo,1628389,36,17,6,11,0.545,1,5,0.2,4,4,1.0,1,7,8,5,3,1,0,1,-13,0,0.666,0,0,21.3
0022500155,2025-11-02,Davion Mitchell,1630558,32,8,3,5,0.6,1,1,1.0,1,4,0.25,0,0,0,8,1,0,1,2,-14,0,0.592,0,0,9.3
0022500155,2025-11-02,Dru Smith,1630696,16,7,3,5,0.6,1,3,0.333,0,0,0.0,0,1,1,3,2,0,2,1,4,0,0.7,0,0,6.7
0022500155,2025-11-02,Jaime Jaquez Jr.,1631170,35,31,11,16,0.688,0,0,0.0,9,13,0.692,3,5,8,4,0,0,4,3,7,0,0.714,0,0,23.8
0022500155,2025-11-02,Kel'el Ware,1642276,12,7,3,3,1.0,1,1,1.0,0,0,0.0,0,4,4,0,0,1,1,0,-6,0,1.167,0,0,7.0
0022500155,2025-11-02,Nikola Jović,1631107,28,9,3,8,0.375,1,5,0.2,2,4,0.5,1,2,3,2,0,0,1,3,0,0,0.461,0,0,4.3
0022500155,2025-11-02,Pelle Larsson,1641796,26,17,6,10,0.6,1,4,0.25,4,4,1.0,1,4,5,6,0,0,1,4,-12,0,0.723,0,0,15.9
0022500155,2025-11-02,Simone Fontecchio,1631323,19,9,2,10,0.2,2,8,0.25,3,4,0.75,0,4,4,0,0,0,1,3,-1,0,0.383,0,0,1.4
0022500164,2025-11-03,Andrew Wiggins,203952,32,17,7,12,0.583,3,5,0.6,0,0,0.0,1,1,2,2,1,1,2,3,9,0,0.708,0,0,12.3
0022500164,2025-11-03,Bam Adebayo,1628389,30,25,10,18,0.556,2,4,0.5,3,5,0.6,0,10,10,4,2,0,2,1,2,0,0.619,0,0,21.0
0022500164,2025-11-03,Davion Mitchell,1630558,34,8,4,9,0.444,0,2,0.0,0,1,0.0,2,3,5,9,3,0,0,2,9,0,0.424,0,0,13.7
0022500164,2025-11-03,Dru Smith,1630696,14,2,1,2,0.5,0,0,0.0,0,0,0.0,0,1,1,4,0,0,1,1,-8,0,0.5,0,0,2.7
0022500164,2025-11-03,Jaime Jaquez Jr.,1631170,26,6,3,9,0.333,0,2,0.0,0,0,0.0,1,5,6,5,1,0,0,1,-1,0,0.333,0,0,7.2
0022500164,2025-11-03,Kel'el Ware,1642276,18,16,6,8,0.75,2,2,1.0,2,2,1.0,1,4,5,0,0,2,1,1,-1,0,0.901,0,0,14.7
0022500164,2025-11-03,Nikola Jović,1631107,18,7,2,5,0.4,0,1,0.0,3,4,0.75,1,3,4,4,0,0,1,2,-18,0,0.518,0,0,6.5
0022500164,2025-11-03,Norman Powell,1626181,28,21,6,10,0.6,2,3,0.667,7,7,1.0,0,2,2,2,1,0,5,2,4,0,0.803,0,0,13.6
0022500164,2025-11-03,Pelle Larsson,1641796,24,7,2,4,0.5,1,2,0.5,2,4,0.5,0,1,1,3,3,0,1,1,11,0,0.608,0,0,8.2
0022500164,2025-11-03,Simone Fontecchio,1631323,17,11,4,6,0.667,2,4,0.5,1,1,1.0,0,1,1,0,1,0,3,1,-2,0,0.854,0,0,6.3
0022500178,2025-11-05,Andrew Wiggins,203952,32,22,9,13,0.692,3,4,0.75,1,2,0.5,0,4,4,5,2,1,0,4,-1,0,0.793,0,0,21.9
0022500178,2025-11-05,Bam Adebayo,1628389,8,2,1,5,0.2,0,2,0.0,0,0,0.0,0,1,1,0,0,0,0,1,4,0,0.2,0,0,-1.2
0022500178,2025-11-05,Davion Mitchell,1630558,31,10,4,6,0.667,1,2,0.5,1,2,0.5,0,3,3,9,0,0,3,3,-1,0,0.727,0,0,10.0
0022500178,2025-11-05,Dru Smith,1630696,17,5,2,6,0.333,1,4,0.25,0,0,0.0,1,1,2,2,3,1,0,0,-9,0,0.417,0,0,7.7
0022500178,2025-11-05,Jaime Jaquez Jr.,1631170,26,21,9,14,0.643,1,5,0.2,2,2,1.0,0,3,3,2,1,0,1,2,-5,0,0.706,0,0,16.3
0022500178,2025-11-05,Kel'el Ware,1642276,27,13,4,6,0.667,2,4,0.5,3,4,0.75,2,11,13,0,4,1,1,4,-14,0,0.838,0,0,16.8
0022500178,2025-11-05,Keshad Johnson,1642352,9,0,0,4,0.0,0,3,0.0,0,0,0.0,0,2,2,0,1,0,1,2,-1,0,0.0,0,0,-3.0
0022500178,2025-11-05,Nikola Jović,1631107,20,5,1,6,0.167,1,4,0.25,2,2,1.0,0,3,3,3,0,0,3,2,-8,0,0.363,0,0,0.4
0022500178,2025-11-05,Norman Powell,1626181,31,23,5,15,0.333,4,8,0.5,9,9,1.0,0,2,2,0,1,0,3,0,-5,0,0.607,0,0,13.1
0022500178,2025-11-05,Pelle Larsson,1641796,24,6,1,4,0.25,0,3,0.0,4,4,1.0,0,3,3,3,0,0,1,1,-8,0,0.521,0,0,5.2
0022500178,2025-11-05,Simone Fontecchio,1631323,16,5,2,7,0.286,1,2,0.5,0,0,0.0,2,0,2,2,1,1,1,1,-2,0,0.357,0,0,4.0
0022500033,2025-11-07,Andrew Wiggins,203952,36,22,9,16,0.563,4,6,0.667,0,0,0.0,0,4,4,4,1,1,2,1,21,0,0.688,0,0,17.7
0022500033,2025-11-07,Davion Mitchell,1630558,32,9,4,7,0.571,1,3,0.333,0,0,0.0,1,4,5,5,3,0,1,4,-3,0,0.643,0,0,11.5
0022500033,2025-11-07,Dru Smith,1630696,16,5,2,5,0.4,1,2,0.5,0,0,0.0,0,0,0,3,1,0,0,4,21,0,0.5,0,0,3.8
0022500033,2025-11-07,Jaime Jaquez Jr.,1631170,33,18,8,15,0.533,1,1,1.0,1,2,0.5,3,5,8,9,0,2,2,2,18,0,0.567,0,0,18.8
0022500033,2025-11-07,Kel'el Ware,1642276,30,7,3,13,0.231,1,5,0.2,0,0,0.0,2,4,6,0,1,3,0,2,-3,0,0.269,0,0,4.0
0022500033,2025-11-07,Nikola Jović,1631107,19,10,4,6,0.667,0,0,0.0,2,2,1.0,0,4,4,3,3,1,1,2,15,0,0.727,0,0,12.6
0022500033,2025-11-07,Norman Powell,1626181,27,25,10,20,0.5,2,5,0.4,3,3,1.0,0,4,4,3,0,0,2,2,6,0,0.586,0,0,15.5
0022500033,2025-11-07,Pelle Larsson,1641796,27,19,8,11,0.727,1,3,0.333,2,3,0.667,0,4,4,2,1,0,0,3,8,0,0.771,0,0,16.5
0022500033,2025-11-07,Simone Fontecchio,1631323,19,11,3,6,0.5,1,3,0.333,4,4,1.0,0,2,2,2,0,0,0,1,7,0,0.709,0,0,9.6
0022500187,2025-11-08,Andrew Wiggins,203952,33,15,5,14,0.357,2,8,0.25,3,4,0.75,0,3,3,1,2,1,1,3,-4,0,0.476,0,0,8.9
0022500187,2025-11-08,Davion Mitchell,1630558,26,11,4,7,0.571,1,2,0.5,2,2,1.0,0,2,2,8,5,0,1,4,4,0,0.698,0,0,16.3
0022500187,2025-11-08,Dru Smith,1630696,22,13,4,6,0.667,0,2,0.0,5,6,0.833,2,3,5,6,4,0,1,0,1,0,0.752,0,0,19.5
0022500187,2025-11-08,Jaime Jaquez Jr.,1631170,29,14,6,15,0.4,0,2,0.0,2,3,0.667,0,12,12,7,1,0,1,1,8,0,0.429,0,0,13.6
0022500187,2025-11-08,Kel'el Ware,1642276,23,9,4,8,0.5,0,2,0.0,1,3,0.333,5,7,12,1,1,3,2,2,1,0,0.483,0,0,10.8
0022500187,2025-11-08,Nikola Jović,1631107,31,29,10,16,0.625,3,7,0.429,6,8,0.75,4,5,9,6,2,1,6,5,20,0,0.743,0,0,24.2
0022500187,2025-11-08,Norman Powell,1626181,30,22,7,16,0.438,1,5,0.2,7,8,0.875,0,2,2,3,2,0,1,2,11,0,0.564,0,0,16.1
0022500187,2025-11-08,Pelle Larsson,1641796,27,16,7,10,0.7,1,3,0.333,1,1,1.0,0,1,1,5,0,0,1,3,-10,0,0.766,0,0,13.4
0022500187,2025-11-08,Simone Fontecchio,1631323,18,7,2,4,0.5,2,4,0.5,1,1,1.0,1,0,1,0,0,0,0,3,-6,0,0.788,0,0,4.5
0022500201,2025-11-10,Andrew Wiggins,203952,37,23,8,13,0.615,2,5,0.4,5,6,0.833,1,1,2,5,1,0,2,2,0,0,0.735,0,0,19.4
0022500201,2025-11-10,Davion Mitchell,1630558,38,11,4,9,0.444,1,4,0.25,2,2,1.0,0,2,2,8,1,0,5,5,12,0,0.557,0,0,6.5
0022500201,2025-11-10,Dru Smith,1630696,15,6,1,4,0.25,1,2,0.5,3,3,1.0,0,0,0,1,0,0,0,2,-10,0,0.564,0,0,3.5
0022500201,2025-11-10,Jaime Jaquez Jr.,1631170,33,22,7,12,0.583,0,1,0.0,8,8,1.0,1,12,13,7,1,2,2,2,-2,0,0.709,0,0,25.2
0022500201,2025-11-10,Kel'el Ware,1642276,34,14,7,14,0.5,0,1,0.0,0,0,0.0,7,13,20,1,1,1,0,2,6,0,0.5,0,0,17.4
0022500201,2025-11-10,Nikola Jović,1631107,26,8,3,10,0.3,1,5,0.2,1,2,0.5,1,7,8,4,0,1,1,5,8,0,0.368,0,0,5.1
0022500201,2025-11-10,Norman Powell,1626181,39,33,8,19,0.421,4,9,0.444,13,14,0.929,0,2,2,2,1,1,1,4,17,0,0.656,0,0,23.6
0022500201,2025-11-10,Pelle Larsson,1641796,26,10,4,8,0.5,0,2,0.0,2,3,0.667,1,4,5,4,0,0,3,3,-6,0,0.536,0,0,6.1
0022500201,2025-11-10,Simone Fontecchio,1631323,16,13,4,9,0.444,3,7,0.429,2,3,0.667,1,3,4,0,0,1,0,2,-15,0,0.63,0,0,9.4
0022500217,2025-11-12,Andrew Wiggins,203952,33,17,7,13,0.538,2,5,0.4,1,2,0.5,2,7,9,6,0,2,5,3,-9,0,0.612,0,0,13.2
0022500217,2025-11-12,Davion Mitchell,1630558,34,16,7,13,0.538,2,4,0.5,0,0,0.0,0,3,3,4,1,0,1,3,-10,0,0.615,0,0,12.2
0022500217,2025-11-12,Dru Smith,1630696,14,6,3,8,0.375,0,2,0.0,0,0,0.0,3,3,6,2,1,0,1,5,-4,0,0.375,0,0,4.0
0022500217,2025-11-12,Jaime Jaquez Jr.,1631170,30,11,4,15,0.267,0,4,0.0,3,3,1.0,0,3,3,4,0,0,1,4,-16,0,0.337,0,0,3.2
0022500217,2025-11-12,Kel'el Ware,1642276,28,15,6,7,0.857,1,1,1.0,2,2,1.0,4,9,13,1,1,1,1,3,-2,0,0.952,0,0,18.2
0022500217,2025-11-12,Nikola Jović,1631107,22,2,1,6,0.167,0,3,0.0,0,1,0.0,0,4,4,3,2,2,4,1,-16,0,0.155,0,0,0.1
0022500217,2025-11-12,Norman Powell,1626181,33,27,10,18,0.556,5,10,0.5,2,2,1.0,0,2,2,5,0,0,3,3,-3,0,0.715,0,0,18.3
0022500217,2025-11-12,Pelle Larsson,1641796,27,9,3,7,0.429,2,3,0.667,1,1,1.0,0,0,0,4,0,1,3,3,3,0,0.605,0,0,4.6
0022500217,2025-11-12,Simone Fontecchio,1631323,19,13,4,7,0.571,3,5,0.6,2,2,1.0,0,4,4,0,1,0,2,4,-13,0,0.825,0,0,8.3
0022500039,2025-11-14,Andrew Wiggins,203952,36,15,6,18,0.333,1,6,0.167,2,2,1.0,5,2,7,3,0,1,3,4,-15,0,0.397,0,0,7.1
0022500039,2025-11-14,Davion Mitchell,1630558,33,11,3,6,0.5,2,4,0.5,3,4,0.75,0,4,4,11,1,0,1,3,4,0,0.709,0,0,15.3
0022500039,2025-11-14,Dru Smith,1630696,15,4,1,1,1.0,0,0,0.0,2,3,0.667,1,1,2,2,1,0,1,1,-12,0,0.862,0,0,5.3
0022500039,2025-11-14,Jaime Jaquez Jr.,1631170,34,23,9,20,0.45,1,2,0.5,4,8,0.5,4,5,9,7,0,0,1,3,-5,0,0.489,0,0,18.0
0022500039,2025-11-14,Kel'el Ware,1642276,35,15,5,8,0.625,1,2,0.5,4,5,0.8,2,8,10,1,1,3,0,3,-3,0,0.735,0,0,17.4
0022500039,2025-11-14,Keshad Johnson,1642352,2,0,0,1,0.0,0,0,0.0,0,0,0.0,1,0,1,0,0,0,0,0,-4,0,0.0,0,0,0.0
0022500039,2025-11-14,Nikola Jović,1631107,13,3,1,4,0.25,0,2,0.0,1,2,0.5,1,3,4,4,0,0,1,5,1,0,0.307,0,0,1.6
0022500039,2025-11-14,Norman Powell,1626181,33,38,12,22,0.545,8,15,0.533,6,7,0.857,0,5,5,0,1,0,1,2,4,0,0.758,0,0,27.7
0022500039,2025-11-14,Pelle Larsson,1641796,24,14,4,8,0.5,3,6,0.5,3,3,1.0,1,1,2,2,0,1,2,1,-1,0,0.751,0,0,10.7
0022500039,2025-11-14,Simone Fontecchio,1631323,15,9,3,7,0.429,3,7,0.429,0,0,0.0,0,2,2,0,0,0,1,1,-9,0,0.643,0,0,4.5
0022500244,2025-11-17,Andrew Wiggins,203952,33,6,3,15,0.2,0,4,0.0,0,0,0.0,0,4,4,4,0,1,0,3,1,0,0.2,0,0,0.2
0022500244,2025-11-17,Davion Mitchell,1630558,33,18,7,12,0.583,2,5,0.4,2,3,0.667,0,3,3,5,0,0,3,1,2,0,0.676,0,0,13.0
0022500244,2025-11-17,Dru Smith,1630696,16,11,3,5,0.6,3,4,0.75,2,2,1.0,1,2,3,3,1,0,0,1,0,0,0.935,0,0,12.7
0022500244,2025-11-17,Jaime Jaquez Jr.,1631170,32,13,5,11,0.455,1,2,0.5,2,2,1.0,0,1,1,4,0,0,5,2,0,0,0.547,0,0,4.6
0022500244,2025-11-17,Kel'el Ware,1642276,31,16,7,9,0.778,1,1,1.0,1,1,1.0,6,8,14,1,1,3,0,4,8,0,0.847,0,0,21.3
0022500244,2025-11-17,Keshad Johnson,1642352,2,0,0,2,0.0,0,1,0.0,0,0,0.0,0,2,2,0,0,1,0,0,-3,0,0.0,0,0,-0.1
0022500244,2025-11-17,Nikola Jović,1631107,15,5,2,7,0.286,1,4,0.25,0,0,0.0,0,1,1,2,0,0,0,3,-3,0,0.357,0,0,1.4
0022500244,2025-11-17,Norman Powell,1626181,32,19,9,20,0.45,0,3,0.0,1,1,1.0,0,1,1,3,1,0,2,2,4,0,0.465,0,0,9.2
0022500244,2025-11-17,Pelle Larsson,1641796,26,13,4,9,0.444,2,4,0.5,3,4,0.75,0,7,7,4,0,0,2,1,-4,0,0.604,0,0,10.4
0022500244,2025-11-17,Simone Fontecchio,1631323,21,14,5,11,0.455,4,7,0.571,0,0,0.0,0,4,4,3,2,0,0,4,5,0,0.636,0,0,12.0
0022500257,2025-11-19,Andrew Wiggins,203952,34,17,7,16,0.438,2,4,0.5,1,2,0.5,1,5,6,1,2,1,1,4,25,0,0.504,0,0,11.2
0022500257,2025-11-19,Bam Adebayo,1628389,29,20,7,13,0.538,3,4,0.75,3,3,1.0,1,6,7,3,1,2,1,1,15,0,0.698,0,0,19.3
0022500257,2025-11-19,Davion Mitchell,1630558,24,5,2,5,0.4,1,1,1.0,0,0,0.0,0,1,1,6,0,0,0,4,13,0,0.5,0,0,5.2
0022500257,2025-11-19,Dru Smith,1630696,24,4,1,5,0.2,0,2,0.0,2,4,0.5,2,2,4,4,2,0,2,0,1,0,0.296,0,0,4.9
0022500257,2025-11-19,Jaime Jaquez Jr.,1631170,34,12,4,12,0.333,0,2,0.0,4,5,0.8,4,1,5,7,2,0,2,2,12,0,0.423,0,0,12.0
0022500257,2025-11-19,Kel'el Ware,1642276,19,7,3,10,0.3,0,3,0.0,1,2,0.5,4,12,16,0,0,0,1,0,-1,0,0.322,0,0,6.2
0022500257,2025-11-19,Norman Powell,1626181,28,25,10,14,0.714,4,7,0.571,1,1,1.0,0,6,6,3,1,0,1,3,11,0,0.866,0,0,21.9
0022500257,2025-11-19,Pelle Larsson,1641796,28,10,3,11,0.273,1,4,0.25,3,4,0.75,1,2,3,4,1,0,2,3,-4,0,0.392,0,0,5.0
0022500257,2025-11-19,Simone Fontecchio,1631323,19,10,2,10,0.2,2,8,0.25,4,5,0.8,1,3,4,2,1,0,4,0,-2,0,0.41,0,0,3.4
0022500051,2025-11-21,Bam Adebayo,1628389,29,18,4,11,0.364,2,5,0.4,8,10,0.8,1,6,7,5,0,3,1,3,24,0,0.584,0,0,17.0
0022500051,2025-11-21,Davion Mitchell,1630558,24,16,7,9,0.778,0,2,0.0,2,4,0.5,0,0,0,6,1,0,0,2,12,0,0.743,0,0,16.1
0022500051,2025-11-21,Dru Smith,1630696,18,12,4,7,0.571,2,2,1.0,2,3,0.667,2,5,7,2,3,0,2,1,27,0,0.721,0,0,13.2
0022500051,2025-11-21,Jahmir Young,1642443,6,6,2,5,0.4,2,2,1.0,0,0,0.0,0,0,0,1,0,0,0,0,-3,0,0.6,0,0,4.0
0022500051,2025-11-21,Jaime Jaquez Jr.,1631170,24,10,5,11,0.455,0,0,0.0,0,0,0.0,2,5,7,7,1,0,3,3,12,0,0.455,0,0,8.9
0022500051,2025-11-21,Kel'el Ware,1642276,28,20,8,15,0.533,0,1,0.0,4,4,1.0,4,10,14,1,2,1,1,1,17,0,0.597,0,0,20.5
0022500051,2025-11-21,Keshad Johnson,1642352,29,14,3,10,0.3,2,5,0.4,6,6,1.0,4,7,11,1,1,2,1,3,24,0,0.554,0,0,14.0
0022500051,2025-11-21,Myron Gardner,1642066,5,3,1,1,1.0,1,1,1.0,0,0,0.0,0,1,1,0,0,0,0,2,-1,0,1.5,0,0,2.2
0022500051,2025-11-21,Norman Powell,1626181,25,19,6,14,0.429,2,7,0.286,5,8,0.625,1,1,2,2,2,1,0,1,14,0,0.542,0,0,15.1
0022500051,2025-11-21,Pelle Larsson,1641796,26,16,4,5,0.8,2,3,0.667,6,6,1.0,1,1,2,7,2,0,0,5,29,0,1.047,0,0,20.0
0022500051,2025-11-21,Simone Fontecchio,1631323,25,9,3,12,0.25,1,10,0.1,2,3,0.667,0,2,2,3,1,0,2,1,25,0,0.338,0,0,2.7
0022500275,2025-11-23,Bam Adebayo,1628389,33,18,7,14,0.5,1,4,0.25,3,4,0.75,3,10,13,1,1,0,2,1,4,0,0.571,0,0,15.0
0022500275,2025-11-23,Davion Mitchell,1630558,31,8,2,6,0.333,1,2,0.5,3,4,0.75,1,7,8,12,1,0,1,2,11,0,0.515,0,0,14.6
0022500275,2025-11-23,Dru Smith,1630696,17,9,4,7,0.571,1,2,0.5,0,0,0.0,1,3,4,1,0,1,2,0,1,0,0.643,0,0,6.7
0022500275,2025-11-23,Jahmir Young,1642443,1,2,1,2,0.5,0,1,0.0,0,0,0.0,0,0,0,0,0,0,0,1,-2,0,0.5,0,0,0.6
0022500275,2025-11-23,Jaime Jaquez Jr.,1631170,33,22,10,12,0.833,0,0,0.0,2,3,0.667,1,1,2,7,0,0,4,4,-4,0,0.826,0,0,17.5
0022500275,2025-11-23,Kel'el Ware,1642276,26,20,7,13,0.538,2,2,1.0,4,5,0.8,8,8,16,0,2,0,0,2,26,0,0.658,0,0,22.5
0022500275,2025-11-23,Keshad Johnson,1642352,19,4,2,5,0.4,0,1,0.0,0,0,0.0,1,0,1,0,0,1,1,1,-3,0,0.4,0,0,1.3
0022500275,2025-11-23,Myron Gardner,1642066,1,0,0,0,0.0,0,0,0.0,0,0,0.0,0,0,0,0,0,0,0,0,-2,0,0.0,0,0,0.0
0022500275,2025-11-23,Norman Powell,1626181,29,32,11,18,0.611,4,7,0.571,6,9,0.667,1,3,4,1,2,0,1,2,12,0,0.729,0,0,25.1
0022500275,2025-11-23,Pelle Larsson,1641796,32,6,2,13,0.154,0,6,0.0,2,5,0.4,1,6,7,8,1,0,2,3,9,0,0.197,0,0,2.4
0022500275,2025-11-23,Simone Fontecchio,1631323,19,6,2,8,0.25,2,7,0.286,0,0,0.0,1,2,3,2,0,0,0,1,-2,0,0.375,0,0,3.5
0022500286,2025-11-24,Bam Adebayo,1628389,29,17,5,13,0.385,0,3,0.0,7,11,0.636,3,3,6,1,1,2,2,1,-16,0,0.476,0,0,12.0
0022500286,2025-11-24,Davion Mitchell,1630558,32,8,4,8,0.5,0,1,0.0,0,0,0.0,1,2,3,4,2,0,1,2,19,0,0.5,0,0,8.3
0022500286,2025-11-24,Dru Smith,1630696,16,0,0,6,0.0,0,3,0.0,0,0,0.0,1,2,3,1,1,0,1,1,-15,0,0.0,0,0,-2.6
0022500286,2025-11-24,Jaime Jaquez Jr.,1631170,33,13,5,11,0.455,0,1,0.0,3,4,0.75,0,6,6,5,0,0,3,1,1,0,0.509,0,0,8.8
0022500286,2025-11-24,Kel'el Ware,1642276,34,20,7,14,0.5,3,5,0.6,3,3,1.0,6,12,18,0,0,3,3,3,15,0,0.653,0,0,18.7
0022500286,2025-11-24,Keshad Johnson,1642352,18,7,3,4,0.75,1,2,0.5,0,1,0.0,2,1,3,0,0,0,0,2,-2,0,0.788,0,0,5.9
0022500286,2025-11-24,Pelle Larsson,1641796,28,9,4,10,0.4,1,3,0.333,0,1,0.0,0,2,2,6,1,2,1,3,13,0,0.431,0,0,8.2
0022500286,2025-11-24,Simone Fontecchio,1631323,21,8,2,10,0.2,0,7,0.0,4,4,1.0,1,4,5,5,0,0,2,1,-11,0,0.34,0,0,4.8
0022500286,2025-11-24,Tyler Herro,1629639,29,24,12,18,0.667,0,2,0.0,0,0,0.0,0,7,7,0,3,0,0,2,16,0,0.667,0,0,20.5
0022500062,2025-11-26,Andrew Wiggins,203952,31,11,4,11,0.364,1,6,0.167,2,3,0.667,2,0,2,3,0,2,1,1,-4,0,0.446,0,0,8.0
0022500062,2025-11-26,Bam Adebayo,1628389,29,17,7,16,0.438,1,5,0.2,2,2,1.0,0,11,11,2,0,1,1,0,-11,0,0.504,0,0,13.0
0022500062,2025-11-26,Davion Mitchell,1630558,29,2,1,2,0.5,0,1,0.0,0,0,0.0,0,4,4,9,1,0,3,2,-8,0,0.5,0,0,5.7
0022500062,2025-11-26,Dru Smith,1630696,19,5,2,6,0.333,1,3,0.333,0,0,0.0,0,3,3,1,3,1,1,2,11,0,0.417,0,0,5.1
0022500062,2025-11-26,Jaime Jaquez Jr.,1631170,17,10,4,6,0.667,1,2,0.5,1,2,0.5,3,1,4,3,0,0,1,2,5,0,0.727,0,0,9.7
0022500062,2025-11-26,Kel'el Ware,1642276,26,11,4,6,0.667,1,1,1.0,2,2,1.0,1,8,9,0,2,1,1,2,16,0,0.799,0,0,12.4
0022500062,2025-11-26,Norman Powell,1626181,29,11,4,11,0.364,0,5,0.0,3,3,1.0,0,4,4,2,1,0,2,1,-11,0,0.446,0,0,6.1
0022500062,2025-11-26,Pelle Larsson,1641796,21,8,3,10,0.3,2,7,0.286,0,0,0.0,1,2,3,3,1,1,2,0,13,0,0.4,0,0,5.3
0022500062,2025-11-26,Simone Fontecchio,1631323,7,2,1,2,0.5,0,1,0.0,0,0,0.0,0,2,2,2,0,0,0,0,0,0,0.5,0,0,3.0
0022500062,2025-11-26,Tyler Herro,1629639,32,29,9,15,0.6,3,5,0.6,8,8,1.0,2,3,5,7,1,1,2,0,4,0,0.783,0,0,29.0
0022500296,2025-11-29,Andrew Wiggins,203952,37,31,10,15,0.667,2,4,0.5,9,9,1.0,2,4,6,4,3,0,1,3,12,0,0.818,0,0,30.7
0022500296,2025-11-29,Bam Adebayo,1628389,33,15,5,9,0.556,1,2,0.5,4,6,0.667,2,8,10,1,2,1,3,1,14,0,0.644,0,0,13.7
0022500296,2025-11-29,Davion Mitchell,1630558,32,7,2,8,0.25,0,2,0.0,3,4,0.75,1,0,1,10,3,0,0,3,15,0,0.359,0,0,11.3
0022500296,2025-11-29,Dru Smith,1630696,16,9,3,5,0.6,1,2,0.5,2,3,0.667,2,3,5,4,1,0,1,3,-18,0,0.712,0,0,10.2
0022500296,2025-11-29,Kel'el Ware,1642276,22,12,6,9,0.667,0,1,0.0,0,0,0.0,3,4,7,0,1,1,2,2,-12,0,0.667,0,0,10.3
0022500296,2025-11-29,Nikola Jović,1631107,10,2,1,3,0.333,0,0,0.0,0,1,0.0,1,1,2,1,0,0,5,1,-15,0,0.291,0,0,-3.8
0022500296,2025-11-29,Norman Powell,1626181,33,28,9,16,0.563,3,6,0.5,7,8,0.875,0,2,2,3,1,0,3,4,15,0,0.717,0,0,19.1
0022500296,2025-11-29,Pelle Larsson,1641796,25,7,2,6,0.333,1,1,1.0,2,2,1.0,0,1,1,2,1,0,0,1,-8,0,0.509,0,0,5.9
0022500296,2025-11-29,Tyler Herro,1629639,32,24,6,17,0.353,6,11,0.545,6,6,1.0,0,4,4,2,0,1,2,2,-18,0,0.611,0,0,15.0
0022500313,2025-12-01,Andrew Wiggins,203952,32,22,9,14,0.643,2,3,0.667,2,2,1.0,2,7,9,3,0,3,3,3,32,0,0.739,0,0,19.3
0022500313,2025-12-01,Bam Adebayo,1628389,32,27,10,17,0.588,5,8,0.625,2,2,1.0,3,11,14,3,2,2,1,0,33,0,0.755,0,0,29.0
0022500313,2025-12-01,Davion Mitchell,1630558,31,16,6,6,1.0,4,4,1.0,0,0,0.0,1,2,3,12,2,0,2,5,37,0,1.333,0,0,21.9
0022500313,2025-12-01,Dru Smith,1630696,16,7,3,6,0.5,1,4,0.25,0,0,0.0,0,0,0,2,1,1,1,2,-18,0,0.583,0,0,5.3
0022500313,2025-12-01,Jaime Jaquez Jr.,1631170,21,4,2,10,0.2,0,2,0.0,0,0,0.0,1,3,4,5,0,1,2,4,-13,0,0.2,0,0,-0.0
0022500313,2025-12-01,Kasparas Jakučionis,1642857,1,0,0,2,0.0,0,0,0.0,0,0,0.0,0,0,0,0,1,0,0,0,-2,0,0.0,0,0,-0.4
0022500313,2025-12-01,Kel'el Ware,1642276,16,0,0,3,0.0,0,1,0.0,0,0,0.0,2,7,9,0,0,1,0,2,-16,0,0.0,0,0,1.3
0022500313,2025-12-01,Myron Gardner,1642066,1,0,0,0,0.0,0,0,0.0,0,0,0.0,0,0,0,0,0,0,0,0,-2,0,0.0,0,0,0.0
0022500313,2025-12-01,Nikola Jović,1631107,1,0,0,1,0.0,0,1,0.0,0,0,0.0,0,0,0,0,0,0,0,0,-2,0,0.0,0,0,-0.7
0022500313,2025-12-01,Norman Powell,1626181,32,30,12,18,0.667,6,10,0.6,0,0,0.0,1,2,3,3,1,1,2,5,33,0,0.833,0,0,23.3
0022500313,2025-12-01,Pelle Larsson,1641796,8,5,1,1,1.0,1,1,1.0,2,2,1.0,1,0,1,2,0,0,0,1,1,0,1.33,0,0,6.4
0022500313,2025-12-01,Simone Fontecchio,1631323,21,7,2,7,0.286,1,6,0.167,2,3,0.667,0,4,4,2,0,0,0,0,-10,0,0.421,0,0,5.1
0022500313,2025-12-01,Tyler Herro,1629639,29,22,8,15,0.533,4,6,0.667,2,3,0.667,0,3,3,2,0,1,0,3,12,0,0.674,0,0,16.1
0022500332,2025-12-03,Andrew Wiggins,203952,33,11,4,18,0.222,1,3,0.333,2,2,1.0,3,3,6,5,1,1,1,2,-6,0,0.291,0,0,6.4
0022500332,2025-12-03,Bam Adebayo,1628389,28,21,10,19,0.526,1,6,0.167,0,0,0.0,1,6,7,1,1,0,1,1,-6,0,0.553,0,0,14.5
0022500332,2025-12-03,Davion Mitchell,1630558,30,4,2,7,0.286,0,2,0.0,0,0,0.0,0,1,1,9,0,0,0,1,-9,0,0.286,0,0,6.1
0022500332,2025-12-03,Dru Smith,1630696,18,8,2,4,0.5,1,2,0.5,3,3,1.0,2,2,4,4,1,1,0,3,-1,0,0.752,0,0,11.3
0022500332,2025-12-03,Jaime Jaquez Jr.,1631170,22,10,3,10,0.3,0,0,0.0,4,4,1.0,3,1,4,3,4,0,2,1,5,0,0.425,0,0,10.3
0022500332,2025-12-03,Kel'el Ware,1642276,25,22,8,11,0.727,4,5,0.8,2,2,1.0,4,6,10,2,1,1,3,3,-7,0,0.926,0,0,21.0
0022500332,2025-12-03,Nikola Jović,1631107,6,0,0,2,0.0,0,1,0.0,0,0,0.0,0,2,2,0,0,1,0,0,-8,0,0.0,0,0,-0.1
0022500332,2025-12-03,Pelle Larsson,1641796,23,4,1,5,0.2,0,4,0.0,2,3,0.667,0,0,0,3,0,0,0,2,-11,0,0.316,0,0,1.8
0022500332,2025-12-03,Simone Fontecchio,1631323,21,8,2,8,0.25,2,7,0.286,2,2,1.0,0,3,3,2,1,1,1,0,-2,0,0.45,0,0,6.2
0022500332,2025-12-03,Tyler Herro,1629639,33,20,8,17,0.471,2,7,0.286,2,2,1.0,1,3,4,0,2,0,2,0,-5,0,0.559,0,0,12.9
0022500339,2025-12-05,Andrew Wiggins,203952,34,13,5,10,0.5,2,4,0.5,1,4,0.25,0,5,5,1,1,3,0,1,7,0,0.553,0,0,11.7
0022500339,2025-12-05,Bam Adebayo,1628389,40,24,9,15,0.6,2,4,0.5,4,6,0.667,2,13,15,3,2,2,5,2,3,0,0.68,0,0,21.3
0022500339,2025-12-05,Davion Mitchell,1630558,28,10,5,8,0.625,0,0,0.0,0,0,0.0,0,2,2,7,0,0,0,5,3,0,0.625,0,0,9.9
0022500339,2025-12-05,Dru Smith,1630696,17,5,1,3,0.333,0,1,0.0,3,4,0.75,0,4,4,2,0,0,1,2,-1,0,0.525,0,0,3.7
0022500339,2025-12-05,Jaime Jaquez Jr.,1631170,33,16,8,14,0.571,0,0,0.0,0,0,0.0,0,3,3,2,1,1,3,2,1,0,0.571,0,0,9.6
0022500339,2025-12-05,Kel'el Ware,1642276,22,4,1,3,0.333,0,1,0.0,2,2,1.0,2,6,8,1,0,1,2,0,-18,0,0.515,0,0,4.9
0022500339,2025-12-05,Norman Powell,1626181,32,28,9,18,0.5,2,5,0.4,8,11,0.727,0,3,3,4,0,1,3,2,-4,0,0.613,0,0,18.4
0022500339,2025-12-05,Pelle Larsson,1641796,19,0,0,4,0.0,0,1,0.0,0,0,0.0,0,1,1,1,0,0,0,2,1,0,0.0,0,0,-2.6
0022500339,2025-12-05,Simone Fontecchio,1631323,16,5,2,5,0.4,1,3,0.333,0,0,0.0,0,3,3,2,0,0,1,2,3,0,0.5,0,0,2.8
0022500354,2025-12-06,Andrew Wiggins,203952,26,13,6,10,0.6,1,3,0.333,0,0,0.0,2,2,4,4,0,0,3,2,-27,0,0.65,0,0,9.4
0022500354,2025-12-06,Bam Adebayo,1628389,25,9,4,9,0.444,0,3,0.0,1,2,0.5,2,5,7,3,0,0,0,0,-17,0,0.455,0,0,8.9
0022500354,2025-12-06,Dru Smith,1630696,19,4,1,6,0.167,0,1,0.0,2,2,1.0,0,1,1,2,1,1,1,0,-16,0,0.291,0,0,2.6
0022500354,2025-12-06,Jahmir Young,1642443,8,0,0,1,0.0,0,1,0.0,0,0,0.0,0,1,1,1,1,0,1,0,-3,0,0.0,0,0,0.3
0022500354,2025-12-06,Jaime Jaquez Jr.,1631170,35,27,9,15,0.6,1,1,1.0,8,12,0.667,1,5,6,6,0,0,2,3,-4,0,0.666,0,0,21.7
0022500354,2025-12-06,Kel'el Ware,1642276,30,5,2,4,0.5,0,1,0.0,1,2,0.5,3,3,6,0,2,2,1,1,-5,0,0.512,0,0,7.6
0022500354,2025-12-06,Keshad Johnson,1642352,14,3,1,2,0.5,0,0,0.0,1,4,0.25,1,4,5,0,0,0,0,2,9,0,0.399,0,0,1.9
0022500354,2025-12-06,Nikola Jović,1631107,31,12,4,10,0.4,2,7,0.286,2,3,0.667,0,2,2,6,1,0,5,2,0,0,0.53,0,0,6.2
0022500354,2025-12-06,Norman Powell,1626181,27,18,6,14,0.429,1,5,0.2,5,6,0.833,1,1,2,1,0,1,0,4,-21,0,0.541,0,0,11.0
0022500354,2025-12-06,Simone Fontecchio,1631323,26,20,8,14,0.571,4,9,0.444,0,1,0.0,1,6,7,0,0,0,0,3,4,0,0.693,0,0,14.3
0022501201,2025-12-09,Andrew Wiggins,203952,35,19,8,14,0.571,3,6,0.5,0,0,0.0,0,2,2,2,1,1,1,2,7,0,0.679,0,0,14.3
0022501201,2025-12-09,Bam Adebayo,1628389,36,19,7,14,0.5,0,3,0.0,5,6,0.833,1,7,8,2,1,3,0,1,6,0,0.571,0,0,18.5
0022501201,2025-12-09,Davion Mitchell,1630558,37,11,4,8,0.5,1,2,0.5,2,2,1.0,0,2,2,9,1,0,2,2,-3,0,0.619,0,0,12.1
0022501201,2025-12-09,Dru Smith,1630696,8,2,1,1,1.0,0,0,0.0,0,0,0.0,0,2,2,1,2,1,0,1,-9,0,1.0,0,0,5.3
0022501201,2025-12-09,Jaime Jaquez Jr.,1631170,24,10,5,12,0.417,0,1,0.0,0,0,0.0,2,1,3,3,0,0,1,3,-16,0,0.417,0,0,5.2
0022501201,2025-12-09,Kel'el Ware,1642276,12,4,1,1,1.0,0,0,0.0,2,2,1.0,3,3,6,0,0,1,0,2,-15,0,1.064,0,0,6.6
0022501201,2025-12-09,Norman Powell,1626181,34,21,8,19,0.421,4,12,0.333,1,2,0.5,0,7,7,2,3,0,1,3,-4,0,0.528,0,0,14.8
0022501201,2025-12-09,Pelle Larsson,1641796,11,2,1,2,0.5,0,0,0.0,0,0,0.0,1,1,2,1,0,0,1,0,-9,0,0.5,0,0,1.7
0022501201,2025-12-09,Simone Fontecchio,1631323,8,0,0,5,0.0,0,3,0.0,0,0,0.0,0,0,0,2,0,0,1,0,-7,0,0.0,0,0,-3.1
0022501201,2025-12-09,Tyler Herro,1629639,34,20,7,17,0.412,0,6,0.0,6,7,0.857,0,7,7,3,0,0,1,2,5,0,0.498,0,0,12.9
0022501227,2025-12-15,Andrew Wiggins,203952,32,10,4,12,0.333,2,5,0.4,0,0,0.0,2,0,2,2,2,3,1,3,-1,0,0.417,0,0,7.9
0022501227,2025-12-15,Bam Adebayo,1628389,33,20,7,13,0.538,1,3,0.333,5,8,0.625,0,10,10,2,1,0,2,2,-5,0,0.605,0,0,15.1
0022501227,2025-12-15,Davion Mitchell,1630558,32,12,5,11,0.455,2,6,0.333,0,0,0.0,0,4,4,4,2,1,2,2,-4,0,0.545,0,0,10.2
0022501227,2025-12-15,Dru Smith,1630696,20,11,4,8,0.5,1,2,0.5,2,3,0.667,2,1,3,2,2,0,0,2,-10,0,0.59,0,0,10.9
0022501227,2025-12-15,Jaime Jaquez Jr.,1631170,30,10,5,9,0.556,0,1,0.0,0,0,0.0,1,3,4,4,3,0,5,2,-6,0,0.556,0,0,7.3
0022501227,2025-12-15,Kel'el Ware,1642276,19,6,3,7,0.429,0,2,0.0,0,0,0.0,3,10,13,0,0,2,3,1,-7,0,0.429,0,0,5.4
0022501227,2025-12-15,Keshad Johnson,1642352,13,4,1,3,0.333,0,1,0.0,2,2,1.0,2,0,2,0,2,0,0,0,-1,0,0.515,0,0,5.7
0022501227,2025-12-15,Nikola Jović,1631107,0,0,0,0,0.0,0,0,0.0,0,0,0.0,0,0,0,0,0,0,0,0,2,0,0.0,0,0,0.0
0022501227,2025-12-15,Norman Powell,1626181,34,20,5,15,0.333,2,7,0.286,8,10,0.8,1,2,3,4,0,0,3,0,-9,0,0.515,0,0,11.8
0022501227,2025-12-15,Simone Fontecchio,1631323,26,3,1,5,0.2,1,4,0.25,0,0,0.0,0,4,4,2,0,1,2,2,-7,0,0.3,0,0,0.4
0022500373,2025-12-18,Andrew Wiggins,203952,33,10,3,11,0.273,2,5,0.4,2,2,1.0,2,2,4,2,2,0,2,2,9,0,0.421,0,0,6.1
0022500373,2025-12-18,Bam Adebayo,1628389,31,8,4,13,0.308,0,2,0.0,0,2,0.0,2,15,17,1,1,3,3,5,12,0,0.288,0,0,4.4
0022500373,2025-12-18,Davion Mitchell,1630558,30,10,5,11,0.455,0,2,0.0,0,0,0.0,0,0,0,7,1,0,2,1,11,0,0.455,0,0,7.8
0022500373,2025-12-18,Dru Smith,1630696,24,3,1,8,0.125,0,6,0.0,1,1,1.0,0,3,3,6,2,1,0,0,5,0,0.178,0,0,5.6
0022500373,2025-12-18,Jaime Jaquez Jr.,1631170,29,19,9,13,0.692,1,2,0.5,0,0,0.0,1,4,5,1,0,0,3,1,4,0,0.731,0,0,12.7
0022500373,2025-12-18,Kasparas Jakučionis,1642857,8,3,1,1,1.0,1,1,1.0,0,0,0.0,0,0,0,1,0,0,1,0,-4,0,1.5,0,0,2.4
0022500373,2025-12-18,Kel'el Ware,1642276,30,22,8,11,0.727,1,2,0.5,5,6,0.833,3,9,12,1,0,4,0,1,5,0,0.806,0,0,25.0
0022500373,2025-12-18,Norman Powell,1626181,33,24,8,14,0.571,3,5,0.6,5,6,0.833,0,6,6,2,3,0,3,1,14,0,0.721,0,0,19.8
0022500373,2025-12-18,Simone Fontecchio,1631323,22,7,2,7,0.286,1,3,0.333,2,2,1.0,1,3,4,2,0,0,0,1,-1,0,0.444,0,0,5.5
0022500381,2025-12-19,Bam Adebayo,1628389,36,16,6,13,0.462,0,1,0.0,4,6,0.667,4,6,10,4,1,0,3,5,-15,0,0.512,0,0,11.9
0022500381,2025-12-19,Dru Smith,1630696,21,7,2,10,0.2,0,4,0.0,3,5,0.6,1,0,1,4,3,0,3,2,-18,0,0.287,0,0,2.7
0022500381,2025-12-19,Jaime Jaquez Jr.,1631170,36,14,5,15,0.333,1,5,0.2,3,4,0.75,1,7,8,4,0,0,4,1,-25,0,0.418,0,0,6.3
0022500381,2025-12-19,Kasparas Jakučionis,1642857,36,17,5,13,0.385,5,8,0.625,2,2,1.0,5,1,6,4,0,0,1,3,3,0,0.612,0,0,14.3
0022500381,2025-12-19,Kel'el Ware,1642276,28,24,8,12,0.667,6,7,0.857,2,2,1.0,5,9,14,2,0,1,0,2,-9,0,0.932,0,0,26.3
0022500381,2025-12-19,Keshad Johnson,1642352,1,3,1,1,1.0,1,1,1.0,0,0,0.0,0,0,0,0,0,0,0,0,6,0,1.5,0,0,2.7
0022500381,2025-12-19,Myron Gardner,1642066,17,5,2,4,0.5,1,3,0.333,0,0,0.0,1,1,2,1,1,0,0,4,3,0,0.625,0,0,4.1
0022500381,2025-12-19,Norman Powell,1626181,34,18,7,21,0.333,1,11,0.091,3,5,0.6,0,4,4,3,1,0,1,3,-12,0,0.388,0,0,7.4
0022500381,2025-12-19,Simone Fontecchio,1631323,30,12,4,13,0.308,4,9,0.444,0,0,0.0,0,2,2,4,0,0,1,0,-4,0,0.462,0,0,6.9
0022500381,2025-12-19,Vladislav Goldin,1642884,1,0,0,0,0.0,0,0,0.0,0,0,0.0,0,0,0,1,0,0,0,0,6,0,0.0,0,0,0.7
0022500398,2025-12-21,Andrew Wiggins,203952,24,7,2,8,0.25,2,3,0.667,1,2,0.5,1,4,5,4,0,1,1,0,-5,0,0.394,0,0,6.2
0022500398,2025-12-21,Bam Adebayo,1628389,34,14,4,11,0.364,0,3,0.0,6,7,0.857,3,6,9,0,0,0,3,3,-5,0,0.497,0,0,7.2
0022500398,2025-12-21,Davion Mitchell,1630558,31,13,5,8,0.625,3,4,0.75,0,0,0.0,0,2,2,8,0,0,3,3,-7,0,0.812,0,0,11.4
0022500398,2025-12-21,Dru Smith,1630696,18,9,2,4,0.5,1,1,1.0,4,4,1.0,0,0,0,3,1,0,0,0,-3,0,0.781,0,0,10.1
0022500398,2025-12-21,Jaime Jaquez Jr.,1631170,34,23,9,15,0.6,1,3,0.333,4,6,0.667,0,0,0,5,0,0,1,0,-2,0,0.652,0,0,17.8
0022500398,2025-12-21,Kasparas Jakučionis,1642857,12,2,0,3,0.0,0,2,0.0,2,2,1.0,0,2,2,0,0,0,0,2,-6,0,0.258,0,0,-0.3
0022500398,2025-12-21,Kel'el Ware,1642276,35,28,11,15,0.733,5,7,0.714,1,2,0.5,6,13,19,0,1,0,1,2,-6,0,0.882,0,0,28.8
0022500398,2025-12-21,Norman Powell,1626181,35,22,7,17,0.412,4,8,0.5,4,5,0.8,1,3,4,3,3,0,1,2,3,0,0.573,0,0,17.4
0022500398,2025-12-21,Simone Fontecchio,1631323,17,7,1,6,0.167,1,4,0.25,4,7,0.571,1,3,4,3,0,0,1,2,-4,0,0.385,0,0,3.9
0022500414,2025-12-23,Andrew Wiggins,203952,33,14,5,11,0.455,2,5,0.4,2,2,1.0,2,1,3,2,0,0,2,0,-27,0,0.589,0,0,9.4
0022500414,2025-12-23,Bam Adebayo,1628389,34,9,4,11,0.364,0,2,0.0,1,3,0.333,1,11,12,3,2,0,1,2,-16,0,0.365,0,0,8.4
0022500414,2025-12-23,Davion Mitchell,1630558,27,3,1,6,0.167,1,4,0.25,0,0,0.0,0,1,1,2,1,0,2,3,-18,0,0.25,0,0,-1.3
0022500414,2025-12-23,Dru Smith,1630696,17,10,3,4,0.75,1,2,0.5,3,3,1.0,1,1,2,2,2,0,1,1,-3,0,0.94,0,0,11.4
0022500414,2025-12-23,Jaime Jaquez Jr.,1631170,36,21,9,16,0.563,1,2,0.5,2,3,0.667,0,2,2,2,0,1,4,4,9,0,0.606,0,0,10.1
0022500414,2025-12-23,Kasparas Jakučionis,1642857,28,7,2,5,0.4,1,4,0.25,2,2,1.0,0,2,2,0,1,0,2,4,-7,0,0.595,0,0,2.3
0022500414,2025-12-23,Kel'el Ware,1642276,21,5,2,8,0.25,1,3,0.333,0,0,0.0,5,4,9,0,2,0,0,0,-22,0,0.312,0,0,6.9
0022500414,2025-12-23,Keshad Johnson,1642352,1,0,0,0,0.0,0,0,0.0,0,0,0.0,0,0,0,0,0,0,0,0,-2,0,0.0,0,0,0.0
0022500414,2025-12-23,Myron Gardner,1642066,1,0,0,0,0.0,0,0,0.0,0,0,0.0,0,0,0,0,0,0,0,0,-2,0,0.0,0,0,0.0
0022500414,2025-12-23,Norman Powell,1626181,35,17,6,17,0.353,1,6,0.167,4,4,1.0,0,6,6,6,2,0,3,3,-22,0,0.453,0,0,11.3
0022500414,2025-12-23,Simone Fontecchio,1631323,9,5,1,4,0.25,0,2,0.0,3,3,1.0,1,2,3,1,2,0,2,1,5,0,0.47,0,0,4.2
0022500423,2025-12-26,Andrew Wiggins,203952,32,18,9,17,0.529,0,3,0.0,0,0,0.0,4,4,8,3,1,1,0,1,21,0,0.529,0,0,17.1
0022500423,2025-12-26,Davion Mitchell,1630558,29,6,3,8,0.375,0,2,0.0,0,0,0.0,0,1,1,7,2,0,2,4,15,0,0.375,0,0,5.2
0022500423,2025-12-26,Dru Smith,1630696,19,6,2,8,0.25,0,3,0.0,2,2,1.0,1,2,3,1,3,0,0,2,0,0,0.338,0,0,5.4
0022500423,2025-12-26,Jaime Jaquez Jr.,1631170,28,16,5,14,0.357,1,3,0.333,5,6,0.833,0,5,5,3,3,0,1,2,16,0,0.481,0,0,12.6
0022500423,2025-12-26,Kasparas Jakučionis,1642857,16,8,2,4,0.5,2,3,0.667,2,2,1.0,1,1,2,1,1,0,0,1,1,0,0.82,0,0,8.3
0022500423,2025-12-26,Kel'el Ware,1642276,33,16,7,10,0.7,2,4,0.5,0,0,0.0,4,9,13,0,1,1,3,1,6,0,0.8,0,0,15.6
0022500423,2025-12-26,Nikola Jović,1631107,21,10,3,14,0.214,1,6,0.167,3,3,1.0,0,7,7,4,1,0,2,1,12,0,0.326,0,0,4.9
0022500423,2025-12-26,Norman Powell,1626181,33,25,9,16,0.563,2,8,0.25,5,5,1.0,1,6,7,5,1,0,2,2,2,0,0.687,0,0,21.6
0022500423,2025-12-26,Pelle Larsson,1641796,30,21,9,13,0.692,3,4,0.75,0,0,0.0,2,4,6,5,1,0,0,2,2,0,0.808,0,0,21.8
0022500436,2025-12-27,Andrew Wiggins,203952,31,28,12,16,0.75,4,4,1.0,0,0,0.0,5,1,6,3,3,1,2,3,13,0,0.875,0,0,28.0
0022500436,2025-12-27,Davion Mitchell,1630558,19,0,0,6,0.0,0,3,0.0,0,0,0.0,1,1,2,5,2,0,0,4,8,0,0.0,0,0,0.7
0022500436,2025-12-27,Dru Smith,1630696,23,5,2,6,0.333,1,2,0.5,0,0,0.0,1,4,5,3,1,1,2,0,18,0,0.417,0,0,5.3
0022500436,2025-12-27,Jaime Jaquez Jr.,1631170,29,28,11,15,0.733,1,1,1.0,5,5,1.0,3,3,6,3,1,0,2,1,3,0,0.814,0,0,25.6
0022500436,2025-12-27,Kasparas Jakučionis,1642857,22,4,2,8,0.25,0,3,0.0,0,0,0.0,0,3,3,2,3,0,1,3,11,0,0.25,0,0,2.3
0022500436,2025-12-27,Kel'el Ware,1642276,29,15,7,11,0.636,1,3,0.333,0,0,0.0,2,5,7,0,3,1,0,1,4,0,0.682,0,0,16.3
0022500436,2025-12-27,Keshad Johnson,1642352,2,2,1,1,1.0,0,0,0.0,0,0,0.0,1,0,1,0,0,0,0,0,7,0,1.0,0,0,2.4
0022500436,2025-12-27,Myron Gardner,1642066,2,0,0,1,0.0,0,1,0.0,0,0,0.0,1,0,1,0,0,0,0,0,2,0,0.0,0,0,0.0
0022500436,2025-12-27,Nikola Jović,1631107,25,19,7,14,0.5,3,8,0.375,2,2,1.0,0,7,7,7,2,0,2,0,35,0,0.638,0,0,19.0
0022500436,2025-12-27,Norman Powell,1626181,28,23,7,19,0.368,1,3,0.333,8,8,1.0,0,5,5,2,2,1,1,1,6,0,0.511,0,0,16.7
0022500436,2025-12-27,Pelle Larsson,1641796,27,16,5,7,0.714,1,1,1.0,5,6,0.833,2,2,4,7,0,1,0,2,18,0,0.83,0,0,19.5
0022500436,2025-12-27,Simone Fontecchio,1631323,3,2,1,3,0.333,0,2,0.0,0,0,0.0,1,1,2,1,0,0,0,0,5,0,0.333,0,0,2.0
0022500450,2025-12-29,Andrew Wiggins,203952,31,19,6,10,0.6,4,7,0.571,3,4,0.75,1,4,5,6,3,3,0,2,28,0,0.808,0,0,24.4
0022500450,2025-12-29,Bam Adebayo,1628389,21,13,5,10,0.5,1,2,0.5,2,2,1.0,3,7,10,4,1,0,2,3,3,0,0.597,0,0,12.8
0022500450,2025-12-29,Davion Mitchell,1630558,32,10,4,8,0.5,2,4,0.5,0,0,0.0,0,3,3,9,0,1,3,4,17,0,0.625,0,0,9.3
0022500450,2025-12-29,Dru Smith,1630696,21,11,4,6,0.667,2,4,0.5,1,1,1.0,0,4,4,1,2,0,1,3,24,0,0.854,0,0,10.1
0022500450,2025-12-29,Jaime Jaquez Jr.,1631170,28,20,8,11,0.727,1,2,0.5,3,6,0.5,1,2,3,11,0,0,0,0,23,0,0.733,0,0,23.3
0022500450,2025-12-29,Kasparas Jakučionis,1642857,3,0,0,0,0.0,0,0,0.0,0,0,0.0,1,0,1,0,0,0,0,0,-3,0,0.0,0,0,0.7
0022500450,2025-12-29,Kel'el Ware,1642276,24,19,8,12,0.667,3,6,0.5,0,0,0.0,5,4,9,0,1,0,0,1,4,0,0.792,0,0,19.1
0022500450,2025-12-29,Keshad Johnson,1642352,3,2,1,5,0.2,0,1,0.0,0,0,0.0,1,0,1,0,0,0,0,1,-3,0,0.2,0,0,-0.8
0022500450,2025-12-29,Myron Gardner,1642066,3,0,0,3,0.0,0,0,0.0,0,0,0.0,2,1,3,0,0,0,0,1,-3,0,0.0,0,0,-0.8
0022500450,2025-12-29,Nikola Jović,1631107,26,22,7,12,0.583,5,8,0.625,3,3,1.0,0,4,4,5,0,0,0,3,24,0,0.826,0,0,19.9
0022500450,2025-12-29,Norman Powell,1626181,28,25,9,16,0.563,3,8,0.375,4,4,1.0,1,0,1,4,1,0,3,1,7,0,0.704,0,0,18.5
0022500450,2025-12-29,Pelle Larsson,1641796,15,3,1,5,0.2,1,3,0.333,0,0,0.0,0,2,2,0,0,0,0,2,2,0,0.3,0,0,-0.3
0022500450,2025-12-29,Simone Fontecchio,1631323,3,3,0,1,0.0,0,1,0.0,3,3,1.0,0,0,0,0,0,0,0,1,-3,0,0.647,0,0,1.9
0022500472,2026-01-01,Andrew Wiggins,203952,32,17,7,20,0.35,1,5,0.2,2,2,1.0,6,2,8,1,2,0,2,4,-9,0,0.407,0,0,9.7
0022500472,2026-01-01,Bam Adebayo,1628389,33,15,5,14,0.357,1,2,0.5,4,4,1.0,3,11,14,0,2,1,1,2,17,0,0.476,0,0,13.5
0022500472,2026-01-01,Davion Mitchell,1630558,33,8,3,7,0.429,2,3,0.667,0,0,0.0,1,0,1,11,2,1,5,1,3,0,0.571,0,0,10.0
0022500472,2026-01-01,Dru Smith,1630696,15,9,3,4,0.75,1,2,0.5,2,2,1.0,0,0,0,1,3,1,1,5,3,0,0.922,0,0,8.8
0022500472,2026-01-01,Jaime Jaquez Jr.,1631170,30,19,9,12,0.75,0,1,0.0,1,3,0.333,0,3,3,5,2,0,2,2,2,0,0.713,0,0,17.0
0022500472,2026-01-01,Kasparas Jakučionis,1642857,6,0,0,0,0.0,0,0,0.0,0,0,0.0,0,0,0,0,0,0,0,1,11,0,0.0,0,0,-0.4
0022500472,2026-01-01,Kel'el Ware,1642276,27,4,1,6,0.167,0,4,0.0,2,2,1.0,3,10,13,0,2,2,1,1,0,0,0.291,0,0,7.3
0022500472,2026-01-01,Nikola Jović,1631107,24,5,1,10,0.1,1,7,0.143,2,2,1.0,0,5,5,5,0,1,2,0,-5,0,0.23,0,0,2.1
0022500472,2026-01-01,Norman Powell,1626181,35,36,12,23,0.522,7,14,0.5,5,5,1.0,1,1,2,2,1,0,3,2,4,0,0.714,0,0,24.3
0022500472,2026-01-01,Simone Fontecchio,1631323,6,5,2,3,0.667,1,1,1.0,0,0,0.0,1,2,3,0,0,0,1,1,4,0,0.833,0,0,3.6
0022500486,2026-01-03,Andrew Wiggins,203952,28,12,4,12,0.333,2,7,0.286,2,2,1.0,1,1,2,3,2,0,1,6,-7,0,0.466,0,0,6.9
0022500486,2026-01-03,Bam Adebayo,1628389,34,12,5,13,0.385,1,3,0.333,1,2,0.5,2,7,9,4,0,1,4,2,-9,0,0.432,0,0,6.7
0022500486,2026-01-03,Davion Mitchell,1630558,34,14,6,10,0.6,2,4,0.5,0,0,0.0,0,3,3,6,0,0,4,3,-7,0,0.7,0,0,9.3
0022500486,2026-01-03,Dru Smith,1630696,14,6,2,6,0.333,0,1,0.0,2,2,1.0,0,0,0,1,0,0,0,0,-3,0,0.436,0,0,3.3
0022500486,2026-01-03,Jaime Jaquez Jr.,1631170,10,6,3,5,0.6,0,0,0.0,0,0,0.0,1,2,3,1,1,0,1,1,8,0,0.6,0,0,5.3
0022500486,2026-01-03,Kasparas Jakučionis,1642857,17,3,1,3,0.333,1,1,1.0,0,0,0.0,1,3,4,3,0,0,1,2,5,0,0.5,0,0,3.2
0022500486,2026-01-03,Kel'el Ware,1642276,29,11,4,7,0.571,1,3,0.333,2,2,1.0,3,5,8,1,0,1,1,4,0,0,0.698,0,0,10.1
0022500486,2026-01-03,Myron Gardner,1642066,5,7,3,3,1.0,1,1,1.0,0,0,0.0,1,0,1,2,0,0,0,0,8,0,1.167,0,0,8.2
0022500486,2026-01-03,Nikola Jović,1631107,28,14,4,7,0.571,1,3,0.333,5,5,1.0,1,2,3,4,1,0,3,2,-19,0,0.761,0,0,12.0
0022500486,2026-01-03,Norman Powell,1626181,25,21,6,13,0.462,2,6,0.333,7,8,0.875,0,1,1,1,1,0,2,0,-6,0,0.636,0,0,13.9
0022500486,2026-01-03,Simone Fontecchio,1631323,16,9,3,8,0.375,3,8,0.375,0,1,0.0,1,2,3,1,2,0,1,2,-20,0,0.533,0,0,6.4
0022500497,2026-01-04,Andrew Wiggins,203952,28,10,4,9,0.444,0,2,0.0,2,2,1.0,0,2,2,3,1,3,2,1,2,0,0.506,0,0,8.7
0022500497,2026-01-04,Bam Adebayo,1628389,29,12,5,14,0.357,1,3,0.333,1,1,1.0,1,5,6,6,1,1,1,1,23,0,0.416,0,0,10.9
0022500497,2026-01-04,Davion Mitchell,1630558,29,9,3,9,0.333,3,6,0.5,0,0,0.0,0,3,3,6,2,0,3,3,29,0,0.5,0,0,6.8
0022500497,2026-01-04,Dru Smith,1630696,19,2,1,1,1.0,0,0,0.0,0,0,0.0,0,4,4,1,3,0,3,1,-10,0,1.0,0,0,3.2
0022500497,2026-01-04,Kasparas Jakučionis,1642857,16,3,1,4,0.25,1,2,0.5,0,0,0.0,0,1,1,1,2,0,0,1,-10,0,0.375,0,0,3.2
0022500497,2026-01-04,Kel'el Ware,1642276,25,16,7,13,0.538,1,4,0.25,1,2,0.5,6,6,12,1,0,1,1,2,8,0,0.576,0,0,14.9
0022500497,2026-01-04,Myron Gardner,1642066,13,4,1,5,0.2,0,2,0.0,2,2,1.0,2,1,3,0,2,0,1,2,-8,0,0.34,0,0,2.8
0022500497,2026-01-04,Nikola Jović,1631107,26,19,7,16,0.438,2,8,0.25,3,4,0.75,2,4,6,3,3,2,2,0,17,0,0.535,0,0,17.3
0022500497,2026-01-04,Norman Powell,1626181,29,34,11,15,0.733,9,12,0.75,3,4,0.75,0,3,3,3,2,0,0,3,23,0,1.014,0,0,31.3
0022500497,2026-01-04,Pelle Larsson,1641796,26,16,7,15,0.467,1,5,0.2,1,3,0.333,1,2,3,6,3,0,2,0,23,0,0.49,0,0,14.0
0022500497,2026-01-04,Simone Fontecchio,1631323,1,0,0,0,0.0,0,0,0.0,0,0,0.0,0,0,0,0,0,0,0,0,-2,0,0.0,0,0,0.0
0022500513,2026-01-06,Andrew Wiggins,203952,26,10,3,10,0.3,2,3,0.667,2,2,1.0,3,1,4,2,1,2,1,3,-12,0,0.46,0,0,8.2
0022500513,2026-01-06,Bam Adebayo,1628389,28,7,3,11,0.273,1,2,0.5,0,0,0.0,2,9,11,3,0,0,1,0,-6,0,0.318,0,0,5.7
0022500513,2026-01-06,Davion Mitchell,1630558,28,4,2,11,0.182,0,4,0.0,0,1,0.0,0,1,1,9,1,0,0,2,-5,0,0.175,0,0,3.5
0022500513,2026-01-06,Dru Smith,1630696,6,3,1,2,0.5,1,1,1.0,0,0,0.0,0,0,0,0,0,0,0,2,-8,0,0.75,0,0,1.2
0022500513,2026-01-06,Kasparas Jakučionis,1642857,5,5,1,2,0.5,1,2,0.5,2,2,1.0,1,1,2,0,0,0,1,0,0,0,0.868,0,0,4.0
0022500513,2026-01-06,Kel'el Ware,1642276,28,7,3,10,0.3,1,5,0.2,0,0,0.0,3,8,11,2,0,1,1,2,-17,0,0.35,0,0,6.0
0022500513,2026-01-06,Keshad Johnson,1642352,5,0,0,0,0.0,0,0,0.0,0,0,0.0,0,2,2,0,0,0,3,1,0,0,0.0,0,0,-2.8
0022500513,2026-01-06,Myron Gardner,1642066,5,4,1,2,0.5,0,1,0.0,2,2,1.0,0,0,0,1,1,0,0,0,0,0,0.694,0,0,4.7
0022500513,2026-01-06,Nikola Jović,1631107,26,9,2,8,0.25,1,4,0.25,4,6,0.667,0,4,4,3,2,1,3,3,-26,0,0.423,0,0,5.2
0022500513,2026-01-06,Norman Powell,1626181,31,21,9,17,0.529,3,6,0.5,0,1,0.0,0,3,3,4,0,0,3,2,-19,0,0.602,0,0,12.2
0022500513,2026-01-06,Pelle Larsson,1641796,20,7,3,9,0.333,1,4,0.25,0,0,0.0,2,0,2,1,0,0,2,3,-22,0,0.389,0,0,0.8
0022500513,2026-01-06,Simone Fontecchio,1631323,5,0,0,1,0.0,0,1,0.0,0,0,0.0,0,1,1,0,0,0,0,0,0,0,0.0,0,0,-0.4
0022500513,2026-01-06,Tyler Herro,1629639,29,17,7,15,0.467,1,4,0.25,2,2,1.0,0,9,9,3,0,0,2,2,-25,0,0.535,0,0,11.3
0022500543,2026-01-10,Andrew Wiggins,203952,20,11,5,8,0.625,0,1,0.0,1,1,1.0,3,3,6,1,0,1,1,2,-8,0,0.652,0,0,10.0
0022500543,2026-01-10,Bam Adebayo,1628389,25,13,5,12,0.417,0,2,0.0,3,3,1.0,2,7,9,2,0,0,2,1,-23,0,0.488,0,0,9.1
0022500543,2026-01-10,Davion Mitchell,1630558,19,1,0,1,0.0,0,0,0.0,1,2,0.5,0,2,2,1,0,0,2,2,-7,0,0.266,0,0,-1.6
0022500543,2026-01-10,Dru Smith,1630696,12,8,2,2,1.0,1,1,1.0,3,3,1.0,0,1,1,4,0,1,1,2,4,0,1.205,0,0,9.4
0022500543,2026-01-10,Jaime Jaquez Jr.,1631170,25,16,6,12,0.5,0,0,0.0,4,6,0.667,1,6,7,2,1,0,3,0,-22,0,0.546,0,0,11.1
0022500543,2026-01-10,Kasparas Jakučionis,1642857,9,0,0,3,0.0,0,1,0.0,0,0,0.0,0,1,1,2,0,0,2,1,2,0,0.0,0,0,-2.8
0022500543,2026-01-10,Kel'el Ware,1642276,17,2,1,2,0.5,0,0,0.0,0,0,0.0,1,2,3,0,0,0,1,0,-5,0,0.5,0,0,1.3
0022500543,2026-01-10,Keshad Johnson,1642352,6,6,3,5,0.6,0,2,0.0,0,0,0.0,0,0,0,0,0,0,0,0,4,0,0.6,0,0,3.7
0022500543,2026-01-10,Myron Gardner,1642066,12,2,1,6,0.167,0,4,0.0,0,0,0.0,3,4,7,0,1,1,0,4,3,0,0.167,0,0,1.6
0022500543,2026-01-10,Nikola Jović,1631107,17,4,1,6,0.167,0,2,0.0,2,2,1.0,0,1,1,0,0,0,1,0,-12,0,0.291,0,0,-0.5
0022500543,2026-01-10,Norman Powell,1626181,22,6,2,12,0.167,1,7,0.143,1,2,0.5,0,3,3,1,1,0,4,1,-22,0,0.233,0,0,-3.8
0022500543,2026-01-10,Pelle Larsson,1641796,16,4,0,1,0.0,0,1,0.0,4,6,0.667,0,3,3,0,0,1,1,2,-20,0,0.549,0,0,2.3
0022500543,2026-01-10,Simone Fontecchio,1631323,8,5,2,3,0.667,1,1,1.0,0,0,0.0,0,1,1,0,2,0,1,1,0,0,0.833,0,0,4.6
0022500543,2026-01-10,Tyler Herro,1629639,32,21,8,19,0.421,1,8,0.125,4,4,1.0,1,6,7,4,1,1,0,2,-14,0,0.506,0,0,17.1
0022500553,2026-01-11,Andrew Wiggins,203952,37,23,8,16,0.5,7,10,0.7,0,0,0.0,1,4,5,3,2,1,6,4,-14,0,0.719,0,0,14.1
0022500553,2026-01-11,Bam Adebayo,1628389,32,6,3,10,0.3,0,1,0.0,0,2,0.0,1,13,14,4,1,1,2,3,-9,0,0.276,0,0,5.3
0022500553,2026-01-11,Davion Mitchell,1630558,31,13,5,7,0.714,3,3,1.0,0,0,0.0,1,2,3,10,1,0,2,0,-4,0,0.929,0,0,17.4
0022500553,2026-01-11,Dru Smith,1630696,17,6,2,3,0.667,0,0,0.0,2,4,0.5,0,3,3,6,1,0,1,3,-15,0,0.63,0,0,7.8
0022500553,2026-01-11,Jaime Jaquez Jr.,1631170,20,5,2,3,0.667,1,2,0.5,0,0,0.0,0,0,0,3,1,0,5,3,-10,0,0.833,0,0,0.6
0022500553,2026-01-11,Kasparas Jakučionis,1642857,2,0,0,0,0.0,0,0,0.0,0,0,0.0,0,0,0,1,0,0,0,0,3,0,0.0,0,0,0.7
0022500553,2026-01-11,Kel'el Ware,1642276,16,8,4,8,0.5,0,3,0.0,0,0,0.0,0,1,1,0,1,0,1,2,-3,0,0.5,0,0,3.5
0022500553,2026-01-11,Keshad Johnson,1642352,2,0,0,0,0.0,0,0,0.0,0,0,0.0,0,0,0,0,0,0,0,0,3,0,0.0,0,0,0.0
0022500553,2026-01-11,Myron Gardner,1642066,2,0,0,0,0.0,0,0,0.0,0,0,0.0,0,0,0,0,0,0,0,0,3,0,0.0,0,0,0.0
0022500553,2026-01-11,Nikola Jović,1631107,25,13,5,7,0.714,3,4,0.75,0,0,0.0,1,3,4,2,1,1,1,3,-12,0,0.929,0,0,12.6
0022500553,2026-01-11,Pelle Larsson,1641796,28,16,6,11,0.545,1,4,0.25,3,4,0.75,1,2,3,3,1,1,2,1,0,0,0.627,0,0,13.0
0022500553,2026-01-11,Simone Fontecchio,1631323,2,3,1,2,0.5,1,2,0.5,0,0,0.0,0,2,2,0,0,0,0,0,3,0,0.75,0,0,2.6
0022500553,2026-01-11,Tyler Herro,1629639,27,19,8,15,0.533,1,3,0.333,2,3,0.667,0,2,2,3,0,0,3,5,-5,0,0.582,0,0,9.0
0022500564,2026-01-13,Andrew Wiggins,203952,29,8,2,11,0.182,0,5,0.0,4,4,1.0,2,4,6,1,2,0,2,3,11,0,0.313,0,0,3.2
0022500564,2026-01-13,Bam Adebayo,1628389,32,29,11,15,0.733,4,6,0.667,3,4,0.75,3,6,9,4,2,1,1,3,9,0,0.865,0,0,29.7
0022500564,2026-01-13,Davion Mitchell,1630558,19,9,4,6,0.667,1,2,0.5,0,0,0.0,0,3,3,6,1,0,1,4,9,0,0.75,0,0,9.9
0022500564,2026-01-13,Dru Smith,1630696,9,2,1,1,1.0,0,0,0.0,0,0,0.0,0,1,1,0,0,0,1,1,-19,0,1.0,0,0,0.6
0022500564,2026-01-13,Jaime Jaquez Jr.,1631170,31,16,7,16,0.438,0,4,0.0,2,2,1.0,2,2,4,8,0,1,0,2,10,0,0.474,0,0,15.1
0022500564,2026-01-13,Kel'el Ware,1642276,16,10,4,6,0.667,2,3,0.667,0,0,0.0,1,4,5,1,1,0,0,1,-3,0,0.833,0,0,10.6
0022500564,2026-01-13,Nikola Jović,1631107,6,1,0,0,0.0,0,0,0.0,1,2,0.5,0,3,3,0,0,0,2,0,-2,0,0.568,0,0,-0.5
0022500564,2026-01-13,Norman Powell,1626181,32,27,10,18,0.556,4,10,0.4,3,4,0.75,0,5,5,3,1,0,1,5,13,0,0.683,0,0,19.6
0022500564,2026-01-13,Pelle Larsson,1641796,27,2,1,1,1.0,0,0,0.0,0,0,0.0,0,3,3,2,0,0,0,2,-2,0,1.0,0,0,3.2
0022500564,2026-01-13,Tyler Herro,1629639,39,23,8,18,0.444,2,8,0.25,5,6,0.833,1,1,2,3,1,0,4,1,4,0,0.557,0,0,12.9
0022500580,2026-01-15,Andrew Wiggins,203952,35,16,5,10,0.5,3,6,0.5,3,3,1.0,0,8,8,4,0,0,1,3,3,0,0.707,0,0,14.0
0022500580,2026-01-15,Bam Adebayo,1628389,33,22,8,19,0.421,3,7,0.429,3,4,0.75,3,1,4,5,0,0,1,3,13,0,0.53,0,0,15.2
0022500580,2026-01-15,Dru Smith,1630696,12,0,0,4,0.0,0,2,0.0,0,0,0.0,1,0,1,1,2,0,1,2,-9,0,0.0,0,0,-1.2
0022500580,2026-01-15,Kasparas Jakučionis,1642857,27,12,3,4,0.75,3,4,0.75,3,4,0.75,1,4,5,8,0,0,3,5,-6,0,1.042,0,0,12.5
0022500580,2026-01-15,Kel'el Ware,1642276,9,3,1,5,0.2,1,4,0.25,0,0,0.0,3,2,5,0,0,0,1,0,-8,0,0.3,0,0,1.6
0022500580,2026-01-15,Nikola Jović,1631107,15,3,1,6,0.167,0,4,0.0,1,4,0.25,1,4,5,0,1,1,2,1,-19,0,0.193,0,0,-0.8
0022500580,2026-01-15,Norman Powell,1626181,32,26,10,15,0.667,1,3,0.333,5,5,1.0,0,3,3,2,1,0,0,2,11,0,0.756,0,0,22.0
0022500580,2026-01-15,Pelle Larsson,1641796,30,7,2,6,0.333,0,3,0.0,3,4,0.75,0,3,3,2,0,0,0,1,1,0,0.451,0,0,5.1
0022500580,2026-01-15,Simone Fontecchio,1631323,17,3,0,3,0.0,0,2,0.0,3,3,1.0,2,2,4,0,0,0,0,0,0,0,0.347,0,0,2.9
0022500580,2026-01-15,Tyler Herro,1629639,31,22,9,15,0.6,4,7,0.571,0,0,0.0,1,1,2,3,3,1,1,3,-11,0,0.733,0,0,19.7
0022500597,2026-01-17,Andrew Wiggins,203952,32,15,6,15,0.4,2,5,0.4,1,2,0.5,3,2,5,5,1,0,0,0,4,0,0.472,0,0,13.7
0022500597,2026-01-17,Bam Adebayo,1628389,32,30,9,22,0.409,6,10,0.6,6,6,1.0,6,6,12,4,1,0,1,2,11,0,0.609,0,0,26.2
0022500597,2026-01-17,Dru Smith,1630696,21,5,1,8,0.125,0,2,0.0,3,4,0.75,1,1,2,2,0,1,0,1,-5,0,0.256,0,0,2.1
0022500597,2026-01-17,Kasparas Jakučionis,1642857,27,3,1,7,0.143,1,4,0.25,0,0,0.0,0,5,5,7,0,0,0,6,4,0,0.214,0,0,2.5
0022500597,2026-01-17,Kel'el Ware,1642276,16,7,3,11,0.273,1,3,0.333,0,0,0.0,5,4,9,0,1,1,0,0,-9,0,0.318,0,0,6.9
0022500597,2026-01-17,Myron Gardner,1642066,15,11,4,4,1.0,3,3,1.0,0,0,0.0,1,4,5,1,0,1,0,2,6,0,1.375,0,0,12.3
0022500597,2026-01-17,Nikola Jović,1631107,15,3,1,7,0.143,0,4,0.0,1,2,0.5,0,1,1,2,1,0,0,0,-7,0,0.19,0,0,0.8
0022500597,2026-01-17,Norman Powell,1626181,35,19,5,15,0.333,5,12,0.417,4,7,0.571,0,4,4,4,2,1,1,2,7,0,0.525,0,0,14.2
0022500597,2026-01-17,Pelle Larsson,1641796,30,16,7,15,0.467,0,3,0.0,2,4,0.5,1,2,3,2,1,0,1,3,4,0,0.477,0,0,9.0
0022500597,2026-01-17,Simone Fontecchio,1631323,18,13,4,7,0.571,2,4,0.5,3,3,1.0,4,1,5,3,0,0,1,5,-5,0,0.781,0,0,11.9
0022500612,2026-01-19,Andrew Wiggins,203952,27,18,6,14,0.429,2,7,0.286,4,4,1.0,2,3,5,1,0,0,3,3,-24,0,0.571,0,0,9.4
0022500612,2026-01-19,Bam Adebayo,1628389,26,4,1,13,0.077,0,5,0.0,2,2,1.0,5,7,12,3,0,0,1,0,-20,0,0.144,0,0,2.0
0022500612,2026-01-19,Davion Mitchell,1630558,25,7,1,6,0.167,1,4,0.25,4,4,1.0,3,3,6,3,3,1,2,3,-17,0,0.451,0,0,8.8
0022500612,2026-01-19,Dru Smith,1630696,8,5,1,2,0.5,1,2,0.5,2,2,1.0,0,2,2,1,0,0,0,0,-1,0,0.868,0,0,5.3
0022500612,2026-01-19,Jaime Jaquez Jr.,1631170,26,10,4,12,0.333,2,4,0.5,0,0,0.0,2,3,5,9,1,0,4,2,-10,0,0.417,0,0,8.0
0022500612,2026-01-19,Kasparas Jakučionis,1642857,14,3,1,3,0.333,1,3,0.333,0,0,0.0,1,1,2,1,0,0,3,0,-4,0,0.5,0,0,0.0
0022500612,2026-01-19,Kel'el Ware,1642276,18,15,7,10,0.7,1,3,0.333,0,0,0.0,0,4,4,2,0,0,1,1,-4,0,0.75,0,0,12.0
0022500612,2026-01-19,Keshad Johnson,1642352,4,0,0,1,0.0,0,0,0.0,0,0,0.0,0,1,1,0,0,0,0,1,1,0,0.0,0,0,-0.8
0022500612,2026-01-19,Myron Gardner,1642066,4,5,2,3,0.667,1,2,0.5,0,0,0.0,0,1,1,0,0,0,0,1,1,0,0.833,0,0,3.6
0022500612,2026-01-19,Nikola Jović,1631107,4,2,1,1,1.0,0,0,0.0,0,0,0.0,0,0,0,2,0,0,0,0,1,0,1.0,0,0,3.1
0022500612,2026-01-19,Norman Powell,1626181,30,21,7,16,0.438,2,7,0.286,5,6,0.833,1,2,3,3,0,0,3,3,-6,0,0.563,0,0,11.4
0022500612,2026-01-19,Pelle Larsson,1641796,28,9,3,7,0.429,0,1,0.0,3,4,0.75,3,2,5,3,0,0,0,1,-12,0,0.514,0,0,9.3
0022500612,2026-01-19,Simone Fontecchio,1631323,27,13,5,11,0.455,2,7,0.286,1,2,0.5,3,5,8,2,2,1,2,3,-20,0,0.547,0,0,11.4
0022500619,2026-01-20,Andrew Wiggins,203952,30,19,7,12,0.583,3,7,0.429,2,2,1.0,0,3,3,2,1,1,2,1,12,0,0.738,0,0,15.0
0022500619,2026-01-20,Bam Adebayo,1628389,30,25,8,15,0.533,4,5,0.8,5,7,0.714,0,7,7,5,1,1,1,1,13,0,0.691,0,0,22.8
0022500619,2026-01-20,Davion Mitchell,1630558,19,6,2,5,0.4,2,3,0.667,0,0,0.0,0,3,3,7,0,0,0,0,11,0,0.6,0,0,9.1
0022500619,2026-01-20,Jaime Jaquez Jr.,1631170,33,13,5,12,0.417,1,2,0.5,2,4,0.5,4,5,9,3,2,0,2,1,5,0,0.472,0,0,11.8
0022500619,2026-01-20,Kasparas Jakučionis,1642857,17,1,0,3,0.0,0,2,0.0,1,2,0.5,2,0,2,0,1,0,0,1,0,0,0.129,0,0,0.5
0022500619,2026-01-20,Myron Gardner,1642066,15,5,2,4,0.5,0,2,0.0,1,1,1.0,0,1,1,3,0,0,0,0,-1,0,0.563,0,0,5.4
0022500619,2026-01-20,Nikola Jović,1631107,19,8,3,11,0.273,2,5,0.4,0,2,0.0,1,4,5,2,0,0,1,2,1,0,0.337,0,0,2.2
0022500619,2026-01-20,Norman Powell,1626181,31,22,8,16,0.5,4,6,0.667,2,3,0.667,0,3,3,2,0,0,4,2,13,0,0.635,0,0,11.1
0022500619,2026-01-20,Pelle Larsson,1641796,26,16,7,9,0.778,0,1,0.0,2,3,0.667,3,3,6,9,1,0,0,4,10,0,0.775,0,0,20.8
0022500619,2026-01-20,Simone Fontecchio,1631323,19,15,5,11,0.455,5,9,0.556,0,0,0.0,2,5,7,0,0,0,0,1,1,0,0.682,0,0,11.8
0022500634,2026-01-22,Andrew Wiggins,203952,31,14,6,9,0.667,1,3,0.333,1,1,1.0,1,5,6,3,3,0,3,2,-28,0,0.742,0,0,13.6
0022500634,2026-01-22,Bam Adebayo,1628389,37,32,13,24,0.542,1,7,0.143,5,5,1.0,3,7,10,2,3,1,3,0,-6,0,0.611,0,0,26.7
0022500634,2026-01-22,Dru Smith,1630696,20,4,1,8,0.125,0,4,0.0,2,2,1.0,3,1,4,2,2,2,2,0,2,0,0.225,0,0,4.0
0022500634,2026-01-22,Jaime Jaquez Jr.,1631170,26,4,1,7,0.143,0,2,0.0,2,2,1.0,2,3,5,3,0,0,2,2,-7,0,0.254,0,0,1.1
0022500634,2026-01-22,Kasparas Jakučionis,1642857,11,3,1,2,0.5,1,2,0.5,0,0,0.0,0,0,0,3,0,0,0,0,-18,0,0.75,0,0,4.1
0022500634,2026-01-22,Myron Gardner,1642066,16,7,2,5,0.4,2,5,0.4,1,2,0.5,0,3,3,1,2,0,1,4,6,0,0.595,0,0,4.9
0022500634,2026-01-22,Nikola Jović,1631107,17,5,2,8,0.25,1,7,0.143,0,2,0.0,1,4,5,3,0,0,1,1,-7,0,0.282,0,0,2.0
0022500634,2026-01-22,Norman Powell,1626181,28,18,7,15,0.467,0,7,0.0,4,5,0.8,0,0,0,1,1,1,1,0,-18,0,0.523,0,0,11.3
0022500634,2026-01-22,Pelle Larsson,1641796,29,6,3,5,0.6,0,2,0.0,0,0,0.0,2,1,3,6,0,0,1,1,-6,0,0.6,0,0,8.2
0022500634,2026-01-22,Simone Fontecchio,1631323,25,17,7,11,0.636,3,6,0.5,0,0,0.0,2,2,4,3,1,0,1,0,-3,0,0.773,0,0,16.2
0022500649,2026-01-24,Andrew Wiggins,203952,27,17,6,12,0.5,2,5,0.4,3,3,1.0,4,2,6,6,1,0,1,2,14,0,0.638,0,0,17.8
0022500649,2026-01-24,Bam Adebayo,1628389,31,26,8,19,0.421,4,10,0.4,6,6,1.0,7,8,15,2,0,1,3,1,19,0,0.601,0,0,21.9
0022500649,2026-01-24,Dru Smith,1630696,26,6,2,10,0.2,0,2,0.0,2,2,1.0,4,6,10,5,5,1,0,4,15,0,0.276,0,0,12.0
0022500649,2026-01-24,Jaime Jaquez Jr.,1631170,28,9,4,10,0.4,0,0,0.0,1,1,1.0,2,5,7,5,1,0,3,2,22,0,0.431,0,0,7.2
0022500649,2026-01-24,Kasparas Jakučionis,1642857,17,12,4,6,0.667,2,3,0.667,2,2,1.0,1,4,5,1,0,0,0,1,7,0,0.872,0,0,11.6
0022500649,2026-01-24,Keshad Johnson,1642352,3,5,1,1,1.0,1,1,1.0,2,2,1.0,0,0,0,0,0,0,1,2,5,0,1.33,0,0,2.9
0022500649,2026-01-24,Myron Gardner,1642066,10,2,1,4,0.25,0,1,0.0,0,2,0.0,3,3,6,4,0,2,0,4,12,0,0.205,0,0,4.4
0022500649,2026-01-24,Nikola Jović,1631107,25,23,6,12,0.5,3,6,0.5,8,11,0.727,2,1,3,1,1,1,3,0,9,0,0.683,0,0,16.9
0022500649,2026-01-24,Norman Powell,1626181,25,13,3,11,0.273,0,4,0.0,7,10,0.7,0,4,4,6,0,0,0,1,15,0,0.422,0,0,10.3
0022500649,2026-01-24,Pelle Larsson,1641796,25,20,7,11,0.636,3,6,0.5,3,3,1.0,1,1,2,3,0,1,2,2,18,0,0.812,0,0,16.1
0022500649,2026-01-24,Simone Fontecchio,1631323,24,14,5,12,0.417,4,9,0.444,0,0,0.0,2,4,6,2,2,0,0,2,19,0,0.583,0,0,12.8
0022500655,2026-01-25,Andrew Wiggins,203952,24,10,5,12,0.417,0,4,0.0,0,0,0.0,4,6,10,3,0,0,0,2,10,0,0.417,0,0,9.5
0022500655,2026-01-25,Bam Adebayo,1628389,32,22,6,16,0.375,2,6,0.333,8,8,1.0,4,3,7,1,2,1,1,4,-7,0,0.564,0,0,17.7
0022500655,2026-01-25,Dru Smith,1630696,23,11,5,8,0.625,1,3,0.333,0,0,0.0,1,1,2,0,1,0,1,2,-3,0,0.688,0,0,7.6
0022500655,2026-01-25,Jaime Jaquez Jr.,1631170,36,20,8,11,0.727,1,3,0.333,3,4,0.75,1,4,5,6,0,1,2,2,19,0,0.784,0,0,19.1
0022500655,2026-01-25,Kasparas Jakučionis,1642857,23,7,2,5,0.4,1,3,0.333,2,2,1.0,3,3,6,3,2,1,0,3,6,0,0.595,0,0,10.9
0022500655,2026-01-25,Myron Gardner,1642066,3,2,0,0,0.0,0,0,0.0,2,2,1.0,1,0,1,1,0,0,0,2,6,0,1.136,0,0,2.6
0022500655,2026-01-25,Nikola Jović,1631107,18,12,4,10,0.4,2,5,0.4,2,4,0.5,1,5,6,1,0,0,0,1,17,0,0.51,0,0,8.3
0022500655,2026-01-25,Norman Powell,1626181,31,16,5,21,0.238,2,10,0.2,4,4,1.0,2,8,10,1,1,0,2,1,7,0,0.351,0,0,6.4
0022500655,2026-01-25,Pelle Larsson,1641796,35,10,4,9,0.444,0,0,0.0,2,3,0.667,1,6,7,2,0,0,3,2,-14,0,0.484,0,0,5.0
0022500655,2026-01-25,Simone Fontecchio,1631323,15,1,0,1,0.0,0,1,0.0,1,2,0.5,0,5,5,3,0,0,1,2,4,0,0.266,0,0,1.7
0022500674,2026-01-28,Andrew Wiggins,203952,32,16,6,11,0.545,1,3,0.333,3,3,1.0,0,5,5,3,1,1,2,3,-15,0,0.649,0,0,12.8
0022500674,2026-01-28,Bam Adebayo,1628389,39,21,7,14,0.5,4,7,0.571,3,4,0.75,2,10,12,7,2,0,3,0,-4,0,0.666,0,0,21.9
0022500674,2026-01-28,Dru Smith,1630696,22,13,3,5,0.6,1,2,0.5,6,6,1.0,0,3,3,7,0,0,1,1,-7,0,0.851,0,0,15.1
0022500674,2026-01-28,Jaime Jaquez Jr.,1631170,28,13,6,10,0.6,1,2,0.5,0,0,0.0,1,3,4,4,0,0,4,5,2,0,0.65,0,0,6.8
0022500674,2026-01-28,Kasparas Jakučionis,1642857,20,2,1,4,0.25,0,1,0.0,0,0,0.0,1,1,2,1,2,0,2,3,-6,0,0.25,0,0,0.1
0022500674,2026-01-28,Kel'el Ware,1642276,7,4,2,5,0.4,0,1,0.0,0,0,0.0,2,2,4,0,0,1,0,0,-3,0,0.4,0,0,4.0
0022500674,2026-01-28,Nikola Jović,1631107,19,2,1,4,0.25,0,2,0.0,0,0,0.0,1,1,2,0,0,1,2,0,-4,0,0.25,0,0,-0.7
0022500674,2026-01-28,Norman Powell,1626181,28,22,8,17,0.471,2,7,0.286,4,4,1.0,0,2,2,1,0,1,3,5,-7,0,0.586,0,0,10.3
0022500674,2026-01-28,Pelle Larsson,1641796,28,8,3,7,0.429,0,0,0.0,2,2,1.0,2,7,9,2,1,0,1,0,-9,0,0.508,0,0,9.2
0022500674,2026-01-28,Simone Fontecchio,1631323,19,23,7,11,0.636,6,9,0.667,3,4,0.75,0,5,5,2,0,1,0,1,8,0,0.901,0,0,20.9
0022500529,2026-01-29,Andrew Wiggins,203952,33,10,4,9,0.444,1,3,0.333,1,2,0.5,1,2,3,2,1,0,4,1,-8,0,0.506,0,0,4.2
0022500529,2026-01-29,Bam Adebayo,1628389,34,20,7,19,0.368,2,8,0.25,4,4,1.0,2,10,12,2,0,0,1,0,6,0,0.482,0,0,14.3
0022500529,2026-01-29,Dru Smith,1630696,23,11,4,8,0.5,2,4,0.5,1,1,1.0,2,3,5,5,3,0,1,2,4,0,0.652,0,0,14.0
0022500529,2026-01-29,Jaime Jaquez Jr.,1631170,32,19,8,13,0.615,1,3,0.333,2,2,1.0,1,9,10,6,3,0,0,0,4,0,0.684,0,0,23.7
0022500529,2026-01-29,Kasparas Jakučionis,1642857,13,0,0,1,0.0,0,1,0.0,0,0,0.0,1,2,3,4,1,0,1,4,1,0,0.0,0,0,1.8
0022500529,2026-01-29,Kel'el Ware,1642276,12,12,4,6,0.667,3,4,0.75,1,2,0.5,1,3,4,2,0,2,0,2,-4,0,0.872,0,0,12.6
0022500529,2026-01-29,Nikola Jović,1631107,17,8,4,9,0.444,0,3,0.0,0,0,0.0,1,3,4,1,0,0,0,2,12,0,0.444,0,0,4.8
0022500529,2026-01-29,Norman Powell,1626181,30,21,7,16,0.438,2,4,0.5,5,6,0.833,0,0,0,1,2,0,4,2,-8,0,0.563,0,0,10.1
0022500529,2026-01-29,Pelle Larsson,1641796,29,15,4,8,0.5,1,2,0.5,6,7,0.857,0,6,6,3,2,0,1,2,-5,0,0.677,0,0,14.7
0022500529,2026-01-29,Simone Fontecchio,1631323,18,0,0,4,0.0,0,4,0.0,0,0,0.0,1,1,2,3,0,0,1,4,13,0,0.0,0,0,-2.3
0022500692,2026-01-31,Andrew Wiggins,203952,33,17,6,16,0.375,3,9,0.333,2,3,0.667,0,1,1,1,3,1,4,0,-12,0,0.491,0,0,8.5
0022500692,2026-01-31,Bam Adebayo,1628389,36,21,7,18,0.389,1,8,0.125,6,9,0.667,3,8,11,1,1,0,3,1,-8,0,0.478,0,0,12.8
0022500692,2026-01-31,Dru Smith,1630696,20,8,2,4,0.5,1,3,0.333,3,3,1.0,2,1,3,6,2,1,0,3,3,0,0.752,0,0,13.4
0022500692,2026-01-31,Jaime Jaquez Jr.,1631170,32,20,8,16,0.5,1,3,0.333,3,4,0.75,1,5,6,7,2,1,4,4,-5,0,0.563,0,0,15.8
0022500692,2026-01-31,Kasparas Jakučionis,1642857,27,6,2,7,0.286,2,6,0.333,0,0,0.0,0,3,3,5,1,0,3,4,2,0,0.429,0,0,2.7
0022500692,2026-01-31,Kel'el Ware,1642276,3,2,1,2,0.5,0,1,0.0,0,0,0.0,0,1,1,1,0,0,0,1,-2,0,0.5,0,0,1.6
0022500692,2026-01-31,Myron Gardner,1642066,23,12,4,5,0.8,1,2,0.5,3,5,0.6,2,9,11,0,2,0,1,3,-4,0,0.833,0,0,13.2
0022500692,2026-01-31,Nikola Jović,1631107,15,2,1,6,0.167,0,2,0.0,0,0,0.0,0,2,2,1,1,1,2,1,-4,0,0.167,0,0,-1.2
0022500692,2026-01-31,Pelle Larsson,1641796,33,22,7,11,0.636,2,5,0.4,6,7,0.857,1,6,7,4,5,0,2,2,-3,0,0.781,0,0,24.2
0022500692,2026-01-31,Simone Fontecchio,1631323,18,8,3,10,0.3,2,8,0.25,0,0,0.0,0,2,2,0,0,0,0,0,-2,0,0.4,0,0,2.8
0022500705,2026-02-01,Andrew Wiggins,203952,24,14,5,12,0.417,1,4,0.25,3,3,1.0,1,2,3,4,1,3,0,2,31,0,0.526,0,0,14.0
0022500705,2026-02-01,Bam Adebayo,1628389,22,20,8,11,0.727,2,3,0.667,2,4,0.5,2,7,9,3,1,0,0,0,26,0,0.784,0,0,21.3
0022500705,2026-02-01,Davion Mitchell,1630558,21,13,5,9,0.556,3,5,0.6,0,0,0.0,0,2,2,6,2,0,1,2,34,0,0.722,0,0,13.7
0022500705,2026-02-01,Dru Smith,1630696,21,10,3,7,0.429,1,4,0.25,3,4,0.75,1,3,4,6,3,0,0,1,18,0,0.571,0,0,14.3
0022500705,2026-02-01,Jahmir Young,1642443,10,2,1,3,0.333,0,1,0.0,0,0,0.0,1,0,1,2,0,0,0,1,0,0,0.333,0,0,2.0
0022500705,2026-02-01,Jaime Jaquez Jr.,1631170,19,14,6,15,0.4,1,3,0.333,1,1,1.0,0,5,5,1,0,0,0,1,9,0,0.453,0,0,7.7
0022500705,2026-02-01,Kasparas Jakučionis,1642857,19,4,2,5,0.4,0,2,0.0,0,1,0.0,0,1,1,9,0,0,1,5,6,0,0.368,0,0,4.5
0022500705,2026-02-01,Kel'el Ware,1642276,18,17,8,15,0.533,1,5,0.2,0,0,0.0,2,4,6,1,0,0,1,0,25,0,0.567,0,0,12.0
0022500705,2026-02-01,Keshad Johnson,1642352,12,9,3,5,0.6,1,2,0.5,2,2,1.0,2,2,4,1,0,0,2,1,4,0,0.765,0,0,7.0
0022500705,2026-02-01,Myron Gardner,1642066,23,5,2,7,0.286,1,3,0.333,0,0,0.0,1,6,7,2,0,0,0,4,13,0,0.357,0,0,3.2
0022500705,2026-02-01,Pelle Larsson,1641796,24,20,8,11,0.727,3,4,0.75,1,2,0.5,2,2,4,4,1,1,2,2,33,0,0.842,0,0,18.8
0022500705,2026-02-01,Simone Fontecchio,1631323,18,2,1,5,0.2,0,2,0.0,0,0,0.0,3,4,7,4,0,0,1,3,24,0,0.2,0,0,2.8
0022500705,2026-02-01,Vladislav Goldin,1642884,7,4,2,2,1.0,0,0,0.0,0,0,0.0,0,1,1,1,0,1,0,3,-8,0,1.0,0,0,3.9
0022500720,2026-02-03,Bam Adebayo,1628389,30,16,4,16,0.25,0,3,0.0,8,8,1.0,2,12,14,1,1,0,3,3,0,0,0.41,0,0,8.9
0022500720,2026-02-03,Davion Mitchell,1630558,28,4,2,5,0.4,0,1,0.0,0,0,0.0,1,0,1,10,0,0,1,3,-1,0,0.4,0,0,6.8
0022500720,2026-02-03,Dru Smith,1630696,19,2,1,5,0.2,0,2,0.0,0,0,0.0,0,1,1,2,1,0,1,2,-14,0,0.2,0,0,-0.2
0022500720,2026-02-03,Jahmir Young,1642443,1,3,1,1,1.0,0,0,0.0,1,1,1.0,0,0,0,0,0,0,0,0,3,0,1.042,0,0,2.7
0022500720,2026-02-03,Jaime Jaquez Jr.,1631170,28,21,9,17,0.529,1,3,0.333,2,3,0.667,2,6,8,3,0,0,2,2,-24,0,0.573,0,0,14.8
0022500720,2026-02-03,Kasparas Jakučionis,1642857,16,5,1,4,0.25,1,3,0.333,2,2,1.0,2,1,3,2,2,0,1,1,-16,0,0.512,0,0,6.3
0022500720,2026-02-03,Kel'el Ware,1642276,18,9,4,10,0.4,1,3,0.333,0,2,0.0,2,6,8,0,0,0,0,0,-12,0,0.414,0,0,6.0
0022500720,2026-02-03,Keshad Johnson,1642352,1,0,0,0,0.0,0,0,0.0,0,0,0.0,0,0,0,0,0,0,0,0,3,0,0.0,0,0,0.0
0022500720,2026-02-03,Myron Gardner,1642066,22,14,5,8,0.625,2,3,0.667,2,2,1.0,0,6,6,0,2,0,0,1,8,0,0.788,0,0,13.8
0022500720,2026-02-03,Nikola Jović,1631107,8,5,1,3,0.333,1,3,0.333,2,2,1.0,0,2,2,0,0,0,0,0,-2,0,0.644,0,0,3.9
0022500720,2026-02-03,Pelle Larsson,1641796,36,18,7,12,0.583,0,3,0.0,4,4,1.0,1,3,4,5,0,0,3,1,-12,0,0.654,0,0,14.1
0022500720,2026-02-03,Simone Fontecchio,1631323,34,18,7,15,0.467,2,8,0.25,2,2,1.0,2,4,6,2,0,1,0,2,7,0,0.567,0,0,14.2
0022500741,2026-02-06,Andrew Wiggins,203952,38,26,10,16,0.625,5,7,0.714,1,2,0.5,1,5,6,0,2,0,1,2,5,0,0.77,0,0,20.8
0022500741,2026-02-06,Bam Adebayo,1628389,35,16,5,13,0.385,2,6,0.333,4,6,0.667,0,7,7,1,1,0,0,2,8,0,0.512,0,0,11.1
0022500741,2026-02-06,Davion Mitchell,1630558,29,13,5,11,0.455,2,6,0.333,1,2,0.5,0,2,2,6,0,1,2,3,5,0,0.547,0,0,9.2
0022500741,2026-02-06,Dru Smith,1630696,19,2,1,4,0.25,0,1,0.0,0,0,0.0,3,1,4,1,0,0,1,1,-7,0,0.25,0,0,1.3
0022500741,2026-02-06,Jaime Jaquez Jr.,1631170,31,11,4,9,0.444,1,3,0.333,2,3,0.667,1,6,7,7,0,0,2,2,-6,0,0.533,0,0,10.5
0022500741,2026-02-06,Kel'el Ware,1642276,10,2,1,5,0.2,0,2,0.0,0,0,0.0,2,3,5,0,1,0,1,1,-2,0,0.2,0,0,0.8
0022500741,2026-02-06,Myron Gardner,1642066,6,0,0,1,0.0,0,1,0.0,0,0,0.0,1,0,1,0,0,0,0,2,-7,0,0.0,0,0,-0.8
0022500741,2026-02-06,Nikola Jović,1631107,6,0,0,5,0.0,0,4,0.0,0,0,0.0,0,0,0,1,0,1,0,0,-14,0,0.0,0,0,-2.1
0022500741,2026-02-06,Norman Powell,1626181,35,24,9,15,0.6,3,7,0.429,3,3,1.0,1,2,3,4,4,0,3,2,1,0,0.735,0,0,21.4
0022500741,2026-02-06,Pelle Larsson,1641796,12,0,0,0,0.0,0,0,0.0,0,0,0.0,0,5,5,3,0,0,2,2,15,0,0.0,0,0,0.8
0022500741,2026-02-06,Simone Fontecchio,1631323,19,2,0,5,0.0,0,3,0.0,2,2,1.0,1,1,2,0,1,1,0,1,-8,0,0.17,0,0,0.8
0022500758,2026-02-08,Andrew Wiggins,203952,23,11,4,11,0.364,3,6,0.5,0,0,0.0,5,5,10,2,2,1,0,0,1,0,0.5,0,0,14.0
0022500758,2026-02-08,Bam Adebayo,1628389,28,22,9,15,0.6,2,6,0.333,2,2,1.0,1,7,8,3,5,0,2,1,41,0,0.693,0,0,22.6
0022500758,2026-02-08,Davion Mitchell,1630558,25,5,2,6,0.333,1,3,0.333,0,0,0.0,0,2,2,3,1,0,3,2,16,0,0.417,0,0,1.5
0022500758,2026-02-08,Dru Smith,1630696,6,0,0,1,0.0,0,1,0.0,0,0,0.0,0,1,1,2,1,0,0,1,0,0,0.0,0,0,1.6
0022500758,2026-02-08,Jahmir Young,1642443,8,2,1,4,0.25,0,1,0.0,0,0,0.0,1,0,1,0,0,0,0,0,-1,0,0.25,0,0,0.3
0022500758,2026-02-08,Jaime Jaquez Jr.,1631170,24,4,2,12,0.167,0,4,0.0,0,0,0.0,4,0,4,6,0,1,6,1,9,0,0.167,0,0,-2.3
0022500758,2026-02-08,Kasparas Jakučionis,1642857,26,22,8,10,0.8,6,6,1.0,0,0,0.0,1,2,3,6,2,1,1,4,27,0,1.1,0,0,23.8
0022500758,2026-02-08,Kel'el Ware,1642276,30,19,8,13,0.615,1,3,0.333,2,2,1.0,2,12,14,1,0,1,0,3,22,0,0.684,0,0,18.3
0022500758,2026-02-08,Myron Gardner,1642066,21,10,4,9,0.444,2,3,0.667,0,0,0.0,3,4,7,6,2,0,2,3,0,0,0.556,0,0,11.6
0022500758,2026-02-08,Nikola Jović,1631107,6,4,2,3,0.667,0,1,0.0,0,0,0.0,1,0,1,2,1,0,0,1,0,0,0.667,0,0,5.4
0022500758,2026-02-08,Norman Powell,1626181,25,21,5,12,0.417,5,10,0.5,6,8,0.75,1,3,4,0,1,0,1,3,7,0,0.677,0,0,14.2
0022500758,2026-02-08,Simone Fontecchio,1631323,19,12,4,8,0.5,1,3,0.333,3,3,1.0,2,3,5,3,3,0,1,0,33,0,0.644,0,0,14.4
0022500763,2026-02-09,Andrew Wiggins,203952,36,26,9,18,0.5,4,11,0.364,4,8,0.5,1,4,5,2,0,1,1,2,-5,0,0.604,0,0,17.6
0022500763,2026-02-09,Bam Adebayo,1628389,37,23,8,18,0.444,1,5,0.2,6,10,0.6,3,8,11,5,0,0,4,4,0,0,0.513,0,0,14.4
0022500763,2026-02-09,Davion Mitchell,1630558,31,12,3,3,1.0,1,1,1.0,5,6,0.833,0,2,2,5,0,0,1,4,-6,0,1.064,0,0,12.2
0022500763,2026-02-09,Dru Smith,1630696,17,4,1,1,1.0,0,0,0.0,2,2,1.0,0,3,3,3,2,0,1,0,0,0,1.064,0,0,7.7
0022500763,2026-02-09,Jaime Jaquez Jr.,1631170,31,9,1,7,0.143,1,3,0.333,6,8,0.75,1,3,4,5,2,2,1,2,-12,0,0.428,0,0,10.4
0022500763,2026-02-09,Kasparas Jakučionis,1642857,32,20,7,12,0.583,6,10,0.6,0,0,0.0,2,1,3,1,0,0,2,0,-10,0,0.833,0,0,14.8
0022500763,2026-02-09,Kel'el Ware,1642276,14,8,3,6,0.5,1,4,0.25,1,2,0.5,0,6,6,0,1,0,2,6,10,0,0.581,0,0,3.0
0022500763,2026-02-09,Myron Gardner,1642066,6,0,0,1,0.0,0,1,0.0,0,0,0.0,0,0,0,1,0,0,1,1,-10,0,0.0,0,0,-1.4
0022500763,2026-02-09,Nikola Jović,1631107,17,0,0,4,0.0,0,4,0.0,0,2,0.0,1,3,4,0,0,0,0,1,5,0,0.0,0,0,-2.4
0022500763,2026-02-09,Simone Fontecchio,1631323,19,9,1,9,0.111,1,6,0.167,6,6,1.0,2,3,5,2,1,0,1,2,8,0,0.387,0,0,6.0
0022500784,2026-02-11,Bam Adebayo,1628389,37,27,6,19,0.316,2,9,0.222,13,17,0.765,2,12,14,4,0,4,3,1,15,0,0.51,0,0,21.7
0022500784,2026-02-11,Davion Mitchell,1630558,28,9,3,10,0.3,2,6,0.333,1,2,0.5,0,1,1,5,0,0,0,2,18,0,0.414,0,0,5.8
0022500784,2026-02-11,Dru Smith,1630696,20,6,2,4,0.5,0,0,0.0,2,3,0.667,2,1,3,4,0,0,0,0,-12,0,0.564,0,0,8.1
0022500784,2026-02-11,Jaime Jaquez Jr.,1631170,35,23,10,22,0.455,0,5,0.0,3,4,0.75,1,7,8,4,3,2,2,2,0,0,0.484,0,0,18.4
0022500784,2026-02-11,Kasparas Jakučionis,1642857,25,11,3,7,0.429,1,5,0.2,4,4,1.0,0,3,3,4,0,0,1,2,-3,0,0.628,0,0,9.2
0022500784,2026-02-11,Kel'el Ware,1642276,28,16,7,15,0.467,2,3,0.667,0,0,0.0,7,5,12,0,1,2,0,2,18,0,0.533,0,0,16.3
0022500784,2026-02-11,Myron Gardner,1642066,23,8,3,7,0.429,2,5,0.4,0,0,0.0,4,6,10,3,1,1,0,2,11,0,0.571,0,0,11.9
0022500784,2026-02-11,Nikola Jović,1631107,18,8,3,4,0.75,1,2,0.5,1,2,0.5,0,1,1,0,1,0,1,1,-10,0,0.82,0,0,5.9
0022500784,2026-02-11,Simone Fontecchio,1631323,27,15,5,14,0.357,4,12,0.333,1,1,1.0,2,2,4,1,2,0,1,3,23,0,0.519,0,0,9.7
0022500805,2026-02-20,Andrew Wiggins,203952,27,13,5,12,0.417,3,6,0.5,0,0,0.0,0,7,7,2,0,1,1,3,20,0,0.542,0,0,8.6
0022500805,2026-02-20,Bam Adebayo,1628389,27,17,8,14,0.571,1,4,0.25,0,2,0.0,0,8,8,5,1,0,0,0,29,0,0.571,0,0,16.5
0022500805,2026-02-20,Davion Mitchell,1630558,27,7,3,5,0.6,1,3,0.333,0,0,0.0,1,4,5,7,1,3,2,3,15,0,0.7,0,0,11.4
0022500805,2026-02-20,Dru Smith,1630696,3,0,0,1,0.0,0,1,0.0,0,0,0.0,0,0,0,0,0,0,0,1,4,0,0.0,0,0,-1.1
0022500805,2026-02-20,Jaime Jaquez Jr.,1631170,27,10,5,9,0.556,0,1,0.0,0,0,0.0,1,4,5,4,0,0,2,0,21,0,0.556,0,0,8.4
0022500805,2026-02-20,Kasparas Jakučionis,1642857,17,4,1,3,0.333,0,1,0.0,2,2,1.0,1,4,5,3,2,0,0,2,6,0,0.515,0,0,7.5
0022500805,2026-02-20,Kel'el Ware,1642276,18,14,6,15,0.4,2,5,0.4,0,0,0.0,5,7,12,1,0,0,0,0,-2,0,0.467,0,0,12.2
0022500805,2026-02-20,Keshad Johnson,1642352,3,5,2,3,0.667,1,1,1.0,0,0,0.0,0,1,1,0,0,0,0,1,4,0,0.833,0,0,3.6
0022500805,2026-02-20,Myron Gardner,1642066,7,3,1,1,1.0,0,0,0.0,1,1,1.0,1,1,2,1,0,0,0,4,2,0,1.042,0,0,2.8
0022500805,2026-02-20,Nikola Jović,1631107,3,1,0,0,0.0,0,0,0.0,1,2,0.5,0,0,0,1,0,0,0,0,4,0,0.568,0,0,1.3
0022500805,2026-02-20,Norman Powell,1626181,25,15,5,13,0.385,2,8,0.25,3,3,1.0,0,3,3,2,1,0,2,2,22,0,0.524,0,0,8.4
0022500805,2026-02-20,Pelle Larsson,1641796,32,12,6,9,0.667,0,0,0.0,0,0,0.0,2,4,6,1,2,0,1,2,16,0,0.667,0,0,11.6
0022500805,2026-02-20,Simone Fontecchio,1631323,3,3,1,1,1.0,1,1,1.0,0,0,0.0,0,0,0,1,0,0,0,0,4,0,1.5,0,0,3.4
0022500805,2026-02-20,Tyler Herro,1629639,23,24,9,14,0.643,2,4,0.5,4,4,1.0,0,4,4,3,1,0,0,3,10,0,0.761,0,0,20.9
0022500813,2026-02-21,Andrew Wiggins,203952,29,28,9,10,0.9,4,4,1.0,6,6,1.0,2,5,7,3,1,0,1,1,22,0,1.108,0,0,29.2
0022500813,2026-02-21,Bam Adebayo,1628389,27,13,4,7,0.571,1,3,0.333,4,5,0.8,2,4,6,5,0,0,1,0,27,0,0.707,0,0,14.4
0022500813,2026-02-21,Dru Smith,1630696,22,4,1,4,0.25,0,0,0.0,2,2,1.0,3,3,6,2,1,2,1,3,-2,0,0.41,0,0,6.2
0022500813,2026-02-21,Jaime Jaquez Jr.,1631170,23,12,5,12,0.417,0,2,0.0,2,2,1.0,3,2,5,2,1,0,1,5,3,0,0.466,0,0,7.7
0022500813,2026-02-21,Kasparas Jakučionis,1642857,23,12,4,6,0.667,2,3,0.667,2,2,1.0,0,3,3,5,0,0,2,4,12,0,0.872,0,0,10.2
0022500813,2026-02-21,Kel'el Ware,1642276,19,11,5,9,0.556,1,2,0.5,0,0,0.0,4,11,15,0,1,0,0,0,-3,0,0.611,0,0,13.8
0022500813,2026-02-21,Keshad Johnson,1642352,2,2,1,3,0.333,0,1,0.0,0,0,0.0,1,2,3,0,0,1,1,1,-8,0,0.333,0,0,0.9
0022500813,2026-02-21,Myron Gardner,1642066,6,5,2,3,0.667,1,2,0.5,0,0,0.0,1,2,3,2,0,0,1,0,6,0,0.833,0,0,5.4
0022500813,2026-02-21,Norman Powell,1626181,27,25,10,16,0.625,3,8,0.375,2,7,0.286,0,2,2,6,2,1,2,2,17,0,0.655,0,0,20.5
0022500813,2026-02-21,Pelle Larsson,1641796,35,10,3,7,0.429,0,4,0.0,4,6,0.667,0,1,1,5,2,1,4,3,14,0,0.519,0,0,6.8
0022500813,2026-02-21,Simone Fontecchio,1631323,2,0,0,1,0.0,0,1,0.0,0,0,0.0,0,0,0,0,0,0,0,1,-8,0,0.0,0,0,-1.1
0022500813,2026-02-21,Trevor Keels,1631211,2,0,0,2,0.0,0,2,0.0,0,0,0.0,0,1,1,0,0,0,0,0,-8,0,0.0,0,0,-1.1
0022500813,2026-02-21,Tyler Herro,1629639,23,14,5,15,0.333,1,4,0.25,3,3,1.0,1,4,5,6,0,0,4,1,8,0,0.429,0,0,7.2
0022500837,2026-02-24,Andrew Wiggins,203952,29,16,5,12,0.417,4,8,0.5,2,4,0.5,3,5,8,5,1,3,0,2,-4,0,0.581,0,0,18.2
0022500837,2026-02-24,Bam Adebayo,1628389,31,18,8,19,0.421,2,8,0.25,0,0,0.0,2,7,9,2,1,1,1,3,-3,0,0.474,0,0,12.3
0022500837,2026-02-24,Davion Mitchell,1630558,28,8,3,4,0.75,2,3,0.667,0,0,0.0,0,6,6,8,1,0,1,4,3,0,1.0,0,0,12.2
0022500837,2026-02-24,Dru Smith,1630696,6,0,0,2,0.0,0,2,0.0,0,0,0.0,0,0,0,2,3,0,0,0,-3,0,0.0,0,0,3.0
0022500837,2026-02-24,Jaime Jaquez Jr.,1631170,22,9,4,9,0.444,1,3,0.333,0,0,0.0,1,1,2,3,1,0,2,0,2,0,0.5,0,0,6.4
0022500837,2026-02-24,Kasparas Jakučionis,1642857,10,2,1,3,0.333,0,1,0.0,0,0,0.0,2,1,3,1,0,0,1,2,-9,0,0.333,0,0,0.9
0022500837,2026-02-24,Kel'el Ware,1642276,19,14,5,8,0.625,1,3,0.333,3,4,0.75,3,5,8,0,0,0,0,2,-9,0,0.717,0,0,12.8
0022500837,2026-02-24,Myron Gardner,1642066,3,0,0,0,0.0,0,0,0.0,0,0,0.0,0,1,1,0,0,0,0,0,5,0,0.0,0,0,0.3
0022500837,2026-02-24,Norman Powell,1626181,30,26,6,14,0.429,3,8,0.375,11,14,0.786,1,5,6,0,1,0,6,1,-8,0,0.645,0,0,14.2
0022500837,2026-02-24,Pelle Larsson,1641796,36,10,3,6,0.5,0,3,0.0,4,4,1.0,2,4,6,5,0,0,2,4,-9,0,0.644,0,0,9.5
0022500837,2026-02-24,Tyler Herro,1629639,26,14,5,17,0.294,3,9,0.333,1,1,1.0,0,2,2,6,0,1,3,0,-20,0,0.401,0,0,6.6
0022500849,2026-02-26,Andrew Wiggins,203952,35,18,5,10,0.5,2,6,0.333,6,6,1.0,2,0,2,2,0,1,2,4,3,0,0.712,0,0,12.9
0022500849,2026-02-26,Bam Adebayo,1628389,36,29,10,20,0.5,4,8,0.5,5,8,0.625,2,12,14,3,1,0,1,2,2,0,0.616,0,0,24.1
0022500849,2026-02-26,Davion Mitchell,1630558,24,3,1,3,0.333,1,1,1.0,0,0,0.0,0,2,2,2,1,0,3,0,12,0,0.5,0,0,1.3
0022500849,2026-02-26,Jaime Jaquez Jr.,1631170,30,19,7,14,0.5,1,4,0.25,4,5,0.8,1,3,4,2,2,0,2,0,-8,0,0.586,0,0,14.6
0022500849,2026-02-26,Kasparas Jakučionis,1642857,17,3,1,2,0.5,1,2,0.5,0,0,0.0,0,5,5,1,0,0,1,3,-7,0,0.75,0,0,2.0
0022500849,2026-02-26,Kel'el Ware,1642276,12,5,2,7,0.286,1,2,0.5,0,0,0.0,3,3,6,0,0,0,0,1,-9,0,0.357,0,0,3.5
0022500849,2026-02-26,Norman Powell,1626181,10,3,1,5,0.2,1,4,0.25,0,0,0.0,0,3,3,2,0,0,1,0,-9,0,0.3,0,0,1.2
0022500849,2026-02-26,Pelle Larsson,1641796,33,9,3,6,0.5,2,2,1.0,1,2,0.5,2,2,4,6,2,1,2,2,-14,0,0.654,0,0,11.7
0022500849,2026-02-26,Simone Fontecchio,1631323,9,3,1,2,0.5,0,1,0.0,1,1,1.0,0,1,1,0,1,0,0,2,-6,0,0.615,0,0,2.5
0022500849,2026-02-26,Tyler Herro,1629639,32,25,9,18,0.5,4,10,0.4,3,4,0.75,0,4,4,7,1,0,2,0,1,0,0.633,0,0,20.7
0022500864,2026-02-28,Andrew Wiggins,203952,31,12,4,10,0.4,1,4,0.25,3,3,1.0,2,4,6,4,0,3,1,1,-5,0,0.53,0,0,12.7
0022500864,2026-02-28,Bam Adebayo,1628389,35,24,9,17,0.529,3,5,0.6,3,6,0.5,4,7,11,1,1,0,1,3,16,0,0.611,0,0,18.9
0022500864,2026-02-28,Davion Mitchell,1630558,25,10,4,10,0.4,2,4,0.5,0,0,0.0,1,2,3,5,0,0,1,3,-3,0,0.5,0,0,7.2
0022500864,2026-02-28,Dru Smith,1630696,7,4,1,1,1.0,1,1,1.0,1,2,0.5,0,1,1,0,1,0,0,0,1,0,1.064,0,0,4.6
0022500864,2026-02-28,Jaime Jaquez Jr.,1631170,25,14,7,12,0.583,0,1,0.0,0,1,0.0,0,3,3,3,0,0,2,2,6,0,0.563,0,0,8.2
0022500864,2026-02-28,Kasparas Jakučionis,1642857,12,0,0,1,0.0,0,1,0.0,0,0,0.0,0,2,2,0,0,0,0,0,7,0,0.0,0,0,-0.1
0022500864,2026-02-28,Kel'el Ware,1642276,29,13,6,10,0.6,1,3,0.333,0,0,0.0,5,10,15,1,0,1,1,1,15,0,0.65,0,0,14.9
0022500864,2026-02-28,Pelle Larsson,1641796,35,20,6,12,0.5,1,5,0.2,7,8,0.875,1,3,4,4,0,0,3,4,4,0,0.644,0,0,13.4
0022500864,2026-02-28,Simone Fontecchio,1631323,9,0,0,5,0.0,0,3,0.0,0,0,0.0,0,0,0,1,0,0,0,1,9,0,0.0,0,0,-3.2
0022500864,2026-02-28,Tyler Herro,1629639,33,18,8,12,0.667,2,4,0.5,0,0,0.0,1,1,2,3,1,0,4,3,0,0,0.75,0,0,11.7
0022500886,2026-03-03,Andrew Wiggins,203952,27,13,5,9,0.556,1,4,0.25,2,2,1.0,2,5,7,4,0,3,1,3,10,0,0.658,0,0,14.3
0022500886,2026-03-03,Bam Adebayo,1628389,35,23,11,24,0.458,1,7,0.143,0,0,0.0,1,8,9,4,6,1,0,3,22,0,0.479,0,0,22.0
0022500886,2026-03-03,Davion Mitchell,1630558,26,8,3,5,0.6,2,3,0.667,0,0,0.0,0,3,3,4,0,0,0,2,9,0,0.8,0,0,8.6
0022500886,2026-03-03,Jahmir Young,1642443,3,0,0,1,0.0,0,0,0.0,0,0,0.0,0,0,0,0,0,0,0,1,1,0,0.0,0,0,-1.1
0022500886,2026-03-03,Jaime Jaquez Jr.,1631170,27,20,6,13,0.462,2,3,0.667,6,8,0.75,2,3,5,4,0,2,1,0,14,0,0.605,0,0,18.0
0022500886,2026-03-03,Kasparas Jakučionis,1642857,22,9,2,4,0.5,1,3,0.333,4,4,1.0,1,0,1,5,1,0,2,0,17,0,0.781,0,0,10.2
0022500886,2026-03-03,Kel'el Ware,1642276,29,11,5,8,0.625,1,3,0.333,0,0,0.0,7,6,13,1,5,0,3,5,12,0,0.688,0,0,14.8
0022500886,2026-03-03,Myron Gardner,1642066,4,3,1,1,1.0,1,1,1.0,0,0,0.0,0,0,0,0,0,0,0,0,6,0,1.5,0,0,2.7
0022500886,2026-03-03,Pelle Larsson,1641796,18,3,1,5,0.2,0,2,0.0,1,2,0.5,0,2,2,3,0,1,0,3,13,0,0.255,0,0,1.7
0022500886,2026-03-03,Simone Fontecchio,1631323,20,12,3,6,0.5,3,6,0.5,3,3,1.0,0,3,3,1,1,0,1,0,18,0,0.82,0,0,10.6
0022500886,2026-03-03,Tyler Herro,1629639,28,22,8,15,0.533,1,4,0.25,5,5,1.0,1,2,3,2,0,1,4,2,8,0,0.64,0,0,13.3
0022500901,2026-03-05,Andrew Wiggins,203952,23,8,4,10,0.4,0,3,0.0,0,0,0.0,1,3,4,1,2,0,0,0,-5,0,0.4,0,0,6.9
0022500901,2026-03-05,Bam Adebayo,1628389,25,21,7,15,0.467,0,4,0.0,7,8,0.875,3,4,7,2,1,1,1,5,10,0,0.567,0,0,16.3
0022500901,2026-03-05,Davion Mitchell,1630558,23,2,1,4,0.25,0,1,0.0,0,0,0.0,1,1,2,4,2,0,0,3,-5,0,0.25,0,0,4.2
0022500901,2026-03-05,Dru Smith,1630696,21,9,4,6,0.667,1,1,1.0,0,1,0.0,2,0,2,2,1,0,0,2,11,0,0.699,0,0,9.0
0022500901,2026-03-05,Jahmir Young,1642443,0,0,0,0,0.0,0,0,0.0,0,0,0.0,0,0,0,0,0,0,0,0,0,0,0.0,0,0,0.0
0022500901,2026-03-05,Jaime Jaquez Jr.,1631170,33,18,6,9,0.667,0,0,0.0,6,6,1.0,0,7,7,7,0,0,2,1,11,0,0.773,0,0,18.7
0022500901,2026-03-05,Kasparas Jakučionis,1642857,21,11,4,9,0.444,3,7,0.429,0,0,0.0,1,5,6,3,2,0,4,2,20,0,0.611,0,0,7.8
0022500901,2026-03-05,Kel'el Ware,1642276,32,16,7,9,0.778,1,2,0.5,1,2,0.5,4,7,11,1,5,7,1,2,18,0,0.81,0,0,25.8
0022500901,2026-03-05,Myron Gardner,1642066,0,0,0,0,0.0,0,0,0.0,0,0,0.0,0,1,1,0,0,0,0,0,0,0,0.0,0,0,0.3
0022500901,2026-03-05,Pelle Larsson,1641796,30,16,6,13,0.462,2,2,1.0,2,2,1.0,0,1,1,4,0,0,1,4,14,0,0.576,0,0,9.8
0022500901,2026-03-05,Trevor Keels,1631211,0,0,0,0,0.0,0,0,0.0,0,0,0.0,0,0,0,0,0,0,0,0,0,0,0.0,0,0,0.0
0022500901,2026-03-05,Tyler Herro,1629639,31,25,9,16,0.563,2,7,0.286,5,5,1.0,0,4,4,5,0,0,3,1,6,0,0.687,0,0,18.7
0022500909,2026-03-06,Bam Adebayo,1628389,39,24,10,26,0.385,0,5,0.0,4,5,0.8,3,9,12,4,1,1,0,2,9,0,0.426,0,0,17.9
0022500909,2026-03-06,Davion Mitchell,1630558,27,13,5,9,0.556,3,4,0.75,0,0,0.0,0,2,2,7,0,0,1,2,8,0,0.722,0,0,12.4
0022500909,2026-03-06,Dru Smith,1630696,18,4,1,5,0.2,0,1,0.0,2,2,1.0,2,2,4,1,4,0,0,3,2,0,0.34,0,0,6.4
0022500909,2026-03-06,Jaime Jaquez Jr.,1631170,31,21,8,13,0.615,4,6,0.667,1,2,0.5,1,1,2,4,0,0,2,2,-1,0,0.756,0,0,15.7
0022500909,2026-03-06,Kasparas Jakučionis,1642857,13,6,1,4,0.25,1,4,0.25,3,4,0.75,1,1,2,2,0,0,1,0,-10,0,0.521,0,0,4.6
0022500909,2026-03-06,Kel'el Ware,1642276,31,10,4,8,0.5,1,5,0.2,1,2,0.5,0,4,4,0,1,4,0,1,1,0,0.563,0,0,10.2
0022500909,2026-03-06,Myron Gardner,1642066,16,6,2,4,0.5,1,2,0.5,1,2,0.5,1,4,5,2,0,0,0,1,9,0,0.615,0,0,6.5
0022500909,2026-03-06,Pelle Larsson,1641796,29,11,3,8,0.375,0,1,0.0,5,5,1.0,2,2,4,2,0,0,2,0,3,0,0.539,0,0,8.0
0022500909,2026-03-06,Tyler Herro,1629639,37,33,11,20,0.55,8,10,0.8,3,3,1.0,1,8,9,9,1,0,0,3,19,0,0.774,0,0,32.6
0022500923,2026-03-08,Bam Adebayo,1628389,34,24,7,17,0.412,4,10,0.4,6,6,1.0,3,6,9,6,1,1,2,1,13,0,0.611,0,0,22.3
0022500923,2026-03-08,Davion Mitchell,1630558,24,8,4,5,0.8,0,1,0.0,0,0,0.0,0,2,2,4,1,0,0,2,16,0,0.8,0,0,9.7
0022500923,2026-03-08,Dru Smith,1630696,22,7,3,6,0.5,0,1,0.0,1,1,1.0,0,4,4,4,3,1,1,4,-1,0,0.543,0,0,9.1
0022500923,2026-03-08,Jaime Jaquez Jr.,1631170,29,19,6,18,0.333,1,3,0.333,6,6,1.0,1,5,6,7,0,1,1,2,2,0,0.46,0,0,14.8
0022500923,2026-03-08,Kasparas Jakučionis,1642857,22,12,5,8,0.625,2,3,0.667,0,0,0.0,1,1,2,0,1,0,2,3,-9,0,0.75,0,0,7.2
0022500923,2026-03-08,Kel'el Ware,1642276,26,12,6,9,0.667,0,3,0.0,0,0,0.0,3,3,6,0,2,2,1,4,11,0,0.667,0,0,11.9
0022500923,2026-03-08,Myron Gardner,1642066,16,4,1,3,0.333,0,0,0.0,2,2,1.0,2,4,6,2,0,0,1,4,9,0,0.515,0,0,3.7
0022500923,2026-03-08,Pelle Larsson,1641796,33,10,3,10,0.3,1,3,0.333,3,4,0.75,2,3,5,5,0,0,1,2,4,0,0.425,0,0,7.8
0022500923,2026-03-08,Trevor Keels,1631211,1,0,0,1,0.0,0,1,0.0,0,0,0.0,0,1,1,0,0,0,0,0,-3,0,0.0,0,0,-0.4
0022500923,2026-03-08,Tyler Herro,1629639,30,25,8,16,0.5,4,8,0.5,5,6,0.833,1,5,6,3,1,0,1,1,18,0,0.671,0,0,20.5
0022500923,2026-03-08,Vladislav Goldin,1642884,2,0,0,0,0.0,0,0,0.0,0,0,0.0,0,2,2,0,0,0,1,0,-5,0,0.0,0,0,-0.4
0022500938,2026-03-10,Bam Adebayo,1628389,42,83,20,43,0.465,7,22,0.318,36,43,0.837,1,8,9,3,2,2,5,3,20,0,0.67,0,0,60.5
0022500938,2026-03-10,Davion Mitchell,1630558,24,12,5,9,0.556,0,4,0.0,2,2,1.0,3,4,7,5,1,0,3,1,16,0,0.607,0,0,12.1
0022500938,2026-03-10,Dru Smith,1630696,23,5,2,4,0.5,1,2,0.5,0,0,0.0,0,3,3,5,4,0,3,4,7,0,0.625,0,0,6.8
0022500938,2026-03-10,Jaime Jaquez Jr.,1631170,28,5,2,5,0.4,1,2,0.5,0,0,0.0,2,4,6,8,0,0,0,1,15,0,0.5,0,0,10.1
0022500938,2026-03-10,Kasparas Jakučionis,1642857,30,5,2,3,0.667,0,1,0.0,1,2,0.5,1,4,5,6,1,1,1,4,10,0,0.644,0,0,8.5
0022500938,2026-03-10,Keshad Johnson,1642352,19,8,3,6,0.5,1,4,0.25,1,4,0.25,1,0,1,0,2,1,0,1,7,0,0.515,0,0,6.8
0022500938,2026-03-10,Myron Gardner,1642066,26,4,2,4,0.5,0,1,0.0,0,0,0.0,3,5,8,2,3,0,2,4,15,0,0.5,0,0,6.4
0022500938,2026-03-10,Pelle Larsson,1641796,24,10,3,7,0.429,0,3,0.0,4,5,0.8,0,2,2,1,2,1,1,1,13,0,0.543,0,0,8.5
0022500938,2026-03-10,Simone Fontecchio,1631323,22,18,6,7,0.857,3,4,0.75,3,3,1.0,3,3,6,1,1,0,1,3,6,0,1.082,0,0,18.0
0022500938,2026-03-10,Trevor Keels,1631211,1,0,0,1,0.0,0,0,0.0,0,0,0.0,0,0,0,0,0,0,0,0,-2,0,0.0,0,0,-0.7
0022500938,2026-03-10,Vladislav Goldin,1642884,1,0,0,1,0.0,0,0,0.0,0,0,0.0,1,0,1,0,0,0,0,0,-2,0,0.0,0,0,0.0
0022500957,2026-03-12,Bam Adebayo,1628389,35,21,6,20,0.3,0,5,0.0,9,13,0.692,4,4,8,2,1,0,2,1,11,0,0.408,0,0,11.8
0022500957,2026-03-12,Davion Mitchell,1630558,27,13,5,9,0.556,3,5,0.6,0,0,0.0,1,4,5,5,1,0,0,4,13,0,0.722,0,0,13.5
0022500957,2026-03-12,Dru Smith,1630696,21,9,4,7,0.571,0,1,0.0,1,1,1.0,2,2,4,2,0,0,2,1,-6,0,0.605,0,0,6.7
0022500957,2026-03-12,Jaime Jaquez Jr.,1631170,32,6,2,11,0.182,0,5,0.0,2,2,1.0,2,2,4,7,0,0,0,3,-6,0,0.253,0,0,4.8
0022500957,2026-03-12,Kasparas Jakučionis,1642857,35,18,6,12,0.5,5,11,0.455,1,1,1.0,1,6,7,2,1,1,2,1,18,0,0.723,0,0,15.2
0022500957,2026-03-12,Kel'el Ware,1642276,28,6,2,9,0.222,1,4,0.25,1,2,0.5,3,10,13,1,0,1,2,0,11,0,0.304,0,0,4.6
0022500957,2026-03-12,Myron Gardner,1642066,9,3,1,1,1.0,1,1,1.0,0,0,0.0,1,3,4,0,0,0,1,2,-4,0,1.5,0,0,2.5
0022500957,2026-03-12,Pelle Larsson,1641796,38,28,9,14,0.643,2,3,0.667,8,8,1.0,0,6,6,6,1,0,1,1,13,0,0.799,0,0,27.4
0022500957,2026-03-12,Simone Fontecchio,1631323,15,8,3,9,0.333,2,6,0.333,0,0,0.0,1,1,2,1,0,0,1,1,-15,0,0.444,0,0,3.2
0022500972,2026-03-14,Bam Adebayo,1628389,38,20,6,15,0.4,2,7,0.286,6,10,0.6,1,6,7,1,4,2,2,2,-2,0,0.515,0,0,16.1
0022500972,2026-03-14,Davion Mitchell,1630558,26,14,5,8,0.625,2,4,0.5,2,2,1.0,0,2,2,4,0,0,1,3,-9,0,0.788,0,0,11.6
0022500972,2026-03-14,Jaime Jaquez Jr.,1631170,30,22,9,16,0.563,1,3,0.333,3,4,0.75,1,1,2,7,3,0,2,4,11,0,0.619,0,0,19.3
0022500972,2026-03-14,Kasparas Jakučionis,1642857,18,3,1,4,0.25,1,4,0.25,0,0,0.0,0,0,0,1,1,0,0,2,-3,0,0.375,0,0,1.5
0022500972,2026-03-14,Kel'el Ware,1642276,27,13,5,8,0.625,1,3,0.333,2,2,1.0,3,7,10,1,1,2,1,3,-17,0,0.732,0,0,14.5
0022500972,2026-03-14,Myron Gardner,1642066,3,0,0,1,0.0,0,1,0.0,0,0,0.0,1,0,1,0,1,0,0,0,-5,0,0.0,0,0,1.0
0022500972,2026-03-14,Norman Powell,1626181,31,20,7,15,0.467,1,5,0.2,5,5,1.0,0,1,1,3,1,0,1,1,3,0,0.581,0,0,14.3
0022500972,2026-03-14,Pelle Larsson,1641796,35,15,4,7,0.571,2,3,0.667,5,5,1.0,1,2,3,3,2,0,1,3,6,0,0.815,0,0,14.9
0022500972,2026-03-14,Tyler Herro,1629639,31,10,4,14,0.286,2,8,0.25,0,0,0.0,0,6,6,5,0,1,2,3,-4,0,0.357,0,0,4.6
espn_401810827,2026-03-15,Bam Adebayo,4066261,38,20,6,15,0.4,2,7,0.286,6,10,0.6,0,7,7,1,4,2,2,1,6,0,0.515,0,0,16.1
espn_401810827,2026-03-15,Davion Mitchell,4278053,26,14,5,8,0.625,2,4,0.5,2,2,1.0,0,2,2,4,0,0,1,0,2,0,0.788,0,0,12.8
espn_401810827,2026-03-15,Jaime Jaquez Jr.,4432848,30,22,9,16,0.562,1,3,0.333,3,4,0.75,0,2,2,7,3,0,2,1,1,0,0.619,0,0,20.1
espn_401810827,2026-03-15,Kasparas Jakucionis,5214640,18,3,1,4,0.25,1,4,0.25,0,0,0.0,0,0,0,1,1,0,0,0,0,0,0.375,0,0,2.3
espn_401810827,2026-03-15,Kel'el Ware,5105623,27,13,5,8,0.625,1,3,0.333,2,2,1.0,0,10,10,1,1,2,1,3,7,0,0.732,0,0,13.3
espn_401810827,2026-03-15,Myron Gardner,4431772,3,0,0,1,0.0,0,1,0.0,0,0,0.0,0,1,1,0,1,0,0,1,0,0,0.0,0,0,0.2
espn_401810827,2026-03-15,Norman Powell,2595516,31,20,7,15,0.467,1,5,0.2,5,5,1.0,0,1,1,3,1,0,1,0,1,0,0.581,0,0,14.7
espn_401810827,2026-03-15,Pelle Larsson,4601025,35,15,4,7,0.571,2,3,0.667,5,5,1.0,0,3,3,3,2,0,1,1,2,0,0.815,0,0,15.3
espn_401810827,2026-03-15,Tyler Herro,4395725,31,10,4,14,0.286,2,8,0.25,0,0,0.0,0,6,6,5,0,1,2,0,6,0,0.357,0,0,5.8
espn_401810846,2026-03-17,Davion Mitchell,4278053,26,4,2,7,0.286,0,3,0.0,0,0,0.0,0,3,3,5,0,0,1,1,2,0,0.286,0,0,2.9
espn_401810846,2026-03-17,Dru Smith,4066993,8,4,2,3,0.667,0,1,0.0,0,0,0.0,0,3,3,2,0,0,1,3,0,0,0.667,0,0,2.8
espn_401810846,2026-03-17,Jahmir Young,4433133,4,3,1,2,0.5,0,1,0.0,1,1,1.0,0,0,0,0,0,0,1,0,0,0,0.615,0,0,1.0
espn_401810846,2026-03-17,Jaime Jaquez Jr.,4432848,20,6,2,3,0.667,0,0,0.0,2,2,1.0,0,1,1,6,0,0,1,0,1,0,0.773,0,0,8.2
espn_401810846,2026-03-17,Kasparas Jakucionis,5214640,15,6,2,6,0.333,0,2,0.0,2,2,1.0,0,2,2,2,0,0,0,1,1,0,0.436,0,0,4.2
espn_401810846,2026-03-17,Kel'el Ware,5105623,28,7,3,10,0.3,0,6,0.0,1,2,0.5,0,8,8,1,0,1,0,2,6,0,0.322,0,0,3.8
espn_401810846,2026-03-17,Keshad Johnson,4431786,20,15,6,12,0.5,3,9,0.333,0,0,0.0,0,5,5,1,3,1,2,1,4,0,0.625,0,0,12.5
espn_401810846,2026-03-17,Myron Gardner,4431772,4,0,0,2,0.0,0,0,0.0,0,0,0.0,0,3,3,0,0,0,1,0,3,0,0.0,0,0,-1.5
espn_401810846,2026-03-17,Norman Powell,2595516,31,17,7,17,0.412,1,4,0.25,2,6,0.333,0,6,6,3,0,1,0,1,5,0,0.433,0,0,10.5
espn_401810846,2026-03-17,Pelle Larsson,4601025,28,14,3,7,0.429,1,2,0.5,7,8,0.875,0,2,2,0,0,0,4,2,0,0,0.665,0,0,5.7
espn_401810846,2026-03-17,Simone Fontecchio,3899664,24,10,3,9,0.333,1,6,0.167,3,4,0.75,0,2,2,1,0,0,0,0,2,0,0.465,0,0,5.8
espn_401810846,2026-03-17,Tyler Herro,4395725,31,20,5,11,0.455,1,2,0.5,9,9,1.0,0,8,8,5,1,0,4,1,7,0,0.668,0,0,16.8
espn_401810846,2026-03-17,Vladislav Goldin,4700818,2,0,0,0,0.0,0,0,0.0,0,0,0.0,0,0,0,0,0,0,0,0,0,0,0.0,0,0,0.0
